subfamily_rank,construction_kind,family_label,family_index,execution_relative_dir,m,rs,forced_xs,q_params,q_family,H_family,Pq_family,top_k_count,n_successful,n_determined,n_only_rankbounds,n_not_closed,n_timeout,n_memory,n_req_error,n_unresolved,n_failed,n_rank_ge_6,n_rank_ge_8,n_rank_ge_10,min_rank,max_rank,sum_rank,avg_rank,med_rank,determined_ranks,n_by_rankbounds,n_by_mordellweil,n_finite_index,n_proved,n_grh,avg_magma_time,max_magma_time,total_magma_time,top_k_min_affine,top_k_max_affine,top_k_sum_affine,top_k_avg_affine,top_k_min_proj,top_k_sum_proj,top_k_min_extra_x,top_k_sum_extra_x,best_affine,best_proj,best_height,avg_height,max_height
1,even_automorphism,FAMILIA #7,7,even_pairs2_H1_3000_H2_80000_topRef100_goodX26_rN7_rD7_maxR3000_maxFam20000_q-5to4_A1over3to10sq_nA22_B1-15to15_nB67_workers12,,,"(-5, -4, 4, 5)","{'u': -1, 'w': -2}",-x^2 - 2,x^4 - 41*x^2 + 400,45*x^2 - 396,5,5,5,0,0,0,0,0,0,0,5,5,5,10,12,57,11.4,12,"[10, 11, 12, 12, 12]",0,5,5,0,5,24.6372,30.329,123.18599999999999,68,72,352,70.4,70,362,30,156,72,74,6199.0,108848.0,182259.0
2,even_automorphism,FAMILIA #19,19,even_pairs2_H1_3000_H2_80000_topRef100_goodX26_rN7_rD7_maxR3000_maxFam20000_q-5to4_A1over3to10sq_nA22_B1-15to15_nB67_workers12,,,"(-3/5, -2/5, 2/5, 3/5)","{'u': -1, 'w': 2}",-x^2 + 2,x^4 - 13/25*x^2 + 36/625,-87/25*x^2 + 2464/625,5,5,5,0,0,0,0,0,0,0,5,5,5,10,13,55,11.0,11,"[10, 10, 11, 11, 13]",0,5,5,0,5,32.1676,42.64,160.838,64,96,388,77.6,66,398,28,174,96,98,2375000.0,24203000.0,87890625.0
3,even_automorphism,FAMILIA #8,8,even_pairs2_H1_4000_H2_150000_topRef25_goodX26_rN7_rD7_maxR3000_maxFam20000_q-5to4_A11over3to12sq_nA26_B1-18to18_nB79_workers8,,,"(-2, -3/2, 3/2, 2)","{'u': 0, 'w': -3}",-3,x^4 - 25/4*x^2 + 9,9,5,5,5,0,0,0,0,0,0,0,5,5,5,10,13,54,10.8,10,"[10, 10, 10, 11, 13]",0,5,5,0,5,26.0356,44.299,130.178,72,154,502,100.4,74,512,32,231,154,156,2304.0,285930.0,1165104.0
4,even_automorphism,FAMILIA #9,9,even_pairs2_H1_3000_H2_80000_topRef100_goodX26_rN7_rD7_maxR3000_maxFam20000_q-5to4_A1over3to10sq_nA22_B1-15to15_nB67_workers12,,,"(-4, -3, 3, 4)","{'u': -1, 'w': -5}",-x^2 - 5,x^4 - 25*x^2 + 144,35*x^2 - 119,5,5,5,0,0,0,0,0,0,0,5,5,5,10,12,54,10.8,11,"[10, 10, 11, 11, 12]",0,5,5,0,5,24.4054,35.659,122.027,66,96,392,78.4,68,402,29,176,96,98,2041.0,16320.2,35910.0
5,even_automorphism,FAMILIA #21,21,even_pairs2_H1_3000_H2_80000_topRef100_goodX26_rN4_rD4_maxR300_maxFam2000_q-3to3_A11over5to10sq_nA35_B1-15to15_nB67_workers11,,,"(-2, -1/3, 1/3, 2)","{'u': -3, 'w': 2}",-3*x^2 + 2,x^4 - 37/9*x^2 + 4/9,25*x^2,5,5,5,0,0,0,0,0,0,0,5,5,5,10,12,54,10.8,11,"[10, 10, 11, 11, 12]",0,5,5,0,5,25.053800000000003,30.67,125.269,64,84,364,72.8,66,374,28,162,84,86,11934.0,740620.8,2766600.0
6,even_automorphism,FAMILIA #23,23,even_pairs2_H1_3000_H2_80000_topRef100_goodX26_rN4_rD4_maxR300_maxFam2000_q-3to3_A11over5to10sq_nA35_B1-15to15_nB67_workers11,,,"(-2, -2/3, 2/3, 2)","{'u': -2, 'w': -1}",-2*x^2 - 1,x^4 - 40/9*x^2 + 16/9,196/9*x^2 - 55/9,5,5,5,0,0,0,0,0,0,0,5,5,5,10,11,52,10.4,10,"[10, 10, 10, 11, 11]",0,5,5,0,5,25.169400000000003,28.91,125.84700000000001,64,84,360,72.0,66,370,28,160,84,86,110160.0,487447.2,979200.0
7,even_automorphism,FAMILIA #3,3,even_pairs2_H1_4000_H2_150000_topRef25_goodX30_rN12_rD12_maxR5000_maxFam40000_q-10to10_A11over3to12sq_nA26_B1-18to18_nB79_workers8,,,"(-1, -1/2, 1/2, 1)","{'u': -1, 'w': -1/2}",-x^2 - 1/2,x^4 - 5/4*x^2 + 1/4,9/4*x^2,5,5,5,0,0,0,0,0,0,0,5,5,5,10,10,50,10.0,10,"[10, 10, 10, 10, 10]",0,5,5,0,5,22.2316,26.75,111.158,76,100,434,86.8,78,444,34,197,100,102,4528.0,17532.8,46944.0
8,even_automorphism,FAMILIA #11,11,even_pairs2_H1_4000_H2_150000_topRef25_goodX26_rN7_rD7_maxR3000_maxFam20000_q-5to4_A11over3to12sq_nA26_B1-18to18_nB79_workers8,,,"(-3/2, -5/6, 5/6, 3/2)","{'u': 0, 'w': -3}",-3,x^4 - 53/18*x^2 + 25/16,9,5,5,5,0,0,0,0,0,0,0,5,5,4,9,12,53,10.6,11,"[9, 10, 11, 11, 12]",0,5,5,0,5,25.1272,29.37,125.636,68,100,410,82.0,70,420,30,185,100,102,19764.0,2602720.8,6084864.0
9,even_automorphism,FAMILIA #6,6,even_pairs2_H1_4000_H2_150000_topRef25_goodX26_rN7_rD7_maxR3000_maxFam20000_q-5to4_A11over3to12sq_nA26_B1-18to18_nB79_workers8,,,"(-2, -1, 1, 2)","{'u': 0, 'w': -3}",-3,x^4 - 5*x^2 + 4,9,5,5,5,0,0,0,0,0,0,0,5,5,4,9,12,51,10.2,10,"[9, 10, 10, 10, 12]",0,5,5,0,5,22.3734,27.879,111.867,76,96,426,85.2,78,436,34,193,96,98,498.0,4094.0,10560.0
10,even_automorphism,FAMILIA #29,29,even_pairs2_H1_3000_H2_80000_topRef100_goodX26_rN7_rD7_maxR3000_maxFam20000_q-5to4_A1over3to10sq_nA22_B1-15to15_nB67_workers12,,,"(-4, -2, 2, 4)","{'u': 0, 'w': -4}",-4,x^4 - 20*x^2 + 64,16,5,5,5,0,0,0,0,0,0,0,5,5,3,9,11,49,9.8,10,"[9, 9, 10, 10, 11]",1,4,4,0,5,19.0356,24.059,95.178,64,82,360,72.0,66,370,28,160,82,84,536.0,8490.4,22336.0
11,even_automorphism,FAMILIA #28,28,even_pairs2_H1_3000_H2_80000_topRef100_goodX26_rN4_rD4_maxR300_maxFam2000_q-3to3_A11over5to10sq_nA35_B1-15to15_nB67_workers11,,,"(-3, -2, 2, 3)","{'u': -3, 'w': 2}",-3*x^2 + 2,x^4 - 13*x^2 + 36,105*x^2 - 320,5,5,5,0,0,0,0,0,0,0,5,5,3,9,10,48,9.6,10,"[9, 9, 10, 10, 10]",1,4,4,0,5,16.7014,20.739,83.507,64,72,340,68.0,66,350,28,150,72,74,759.0,100205.0,312500.0
12,even_automorphism,FAMILIA #23,23,even_pairs2_H1_3000_H2_80000_topRef100_goodX26_rN7_rD7_maxR3000_maxFam20000_q-5to4_A1over3to10sq_nA22_B1-15to15_nB67_workers12,,,"(-5/3, -4/3, 4/3, 5/3)","{'u': -3, 'w': 3}",-3*x^2 + 3,x^4 - 41/9*x^2 + 400/81,23*x^2 - 319/9,5,5,5,0,0,0,0,0,0,0,5,5,2,9,11,48,9.6,9,"[9, 9, 9, 10, 11]",0,5,5,0,5,27.389400000000002,36.159,136.947,64,92,372,74.4,66,382,28,166,92,94,37584.0,1126693.8,3004938.0
13,even_automorphism,FAMILIA #47,47,even_pairs2_H1_3000_H2_80000_topRef100_goodX26_rN4_rD4_maxR300_maxFam2000_q-3to3_A11to10sq_B1-15to15_workers11,,,"(-4, -3, 3, 4)","{'u': -1, 'w': 0}",-x^2,x^4 - 25*x^2 + 144,25*x^2 - 144,5,5,5,0,0,0,0,0,0,0,5,5,4,8,12,50,10.0,10,"[8, 10, 10, 10, 12]",0,5,5,0,5,18.0456,24.8,90.22800000000001,44,82,288,57.6,46,298,18,124,82,84,501.0,5513.4,14300.0
14,even_automorphism,FAMILIA #10,10,even_pairs2_H1_3000_H2_80000_topRef100_goodX26_rN4_rD4_maxR300_maxFam2000_q-3to3_A11over5to10sq_nA35_B1-15to15_nB67_workers11,,,"(-3/2, -1/2, 1/2, 3/2)","{'u': -2, 'w': 1}",-2*x^2 + 1,x^4 - 5/2*x^2 + 9/16,6*x^2 - 5/4,5,5,5,0,0,0,0,0,0,0,5,5,4,8,10,48,9.6,10,"[8, 10, 10, 10, 10]",0,5,5,0,5,25.111600000000003,35.579,125.558,66,96,390,78.0,68,400,29,175,96,98,14720.0,869913.6,2942976.0
15,even_automorphism,FAMILIA #44,44,even_pairs2_H1_3000_H2_80000_topRef100_goodX26_rN4_rD4_maxR300_maxFam2000_q-3to3_A11over5to10sq_nA35_B1-15to15_nB67_workers11,,,"(-2, -1, 1, 2)","{'u': -1, 'w': 3}",-x^2 + 3,x^4 - 5*x^2 + 4,-x^2 + 5,5,5,5,0,0,0,0,0,0,0,5,5,4,8,10,48,9.6,10,"[8, 10, 10, 10, 10]",0,5,5,0,5,17.8898,20.16,89.449,62,70,328,65.6,64,338,27,144,70,72,501.0,7494.0,27456.0
16,even_automorphism,FAMILIA #25,25,even_pairs2_H1_4000_H2_150000_topRef25_goodX30_rN12_rD12_maxR5000_maxFam40000_q-10to10_A11over3to12sq_nA26_B1-18to18_nB79_workers8,,,"(-5/3, -3/2, 3/2, 5/3)","{'u': -1, 'w': 1/3}",-x^2 + 1/3,x^4 - 181/36*x^2 + 25/4,157/36*x^2 - 221/36,5,5,5,0,0,0,0,0,0,0,5,5,3,8,13,53,10.6,11,"[8, 9, 11, 12, 13]",0,5,5,0,5,28.975600000000004,42.2,144.87800000000001,54,92,378,75.6,56,388,23,169,92,94,1971.0,554466.6,1643166.0
17,even_automorphism,FAMILIA #26,26,even_pairs2_H1_3000_H2_80000_topRef100_goodX26_rN4_rD4_maxR300_maxFam2000_q-3to3_A11to10sq_B1-15to15_workers11,,,"(-3/2, -1/3, 1/3, 3/2)","{'u': -3, 'w': -1}",-3*x^2 - 1,x^4 - 85/36*x^2 + 1/4,109/4*x^2 - 5/4,5,5,5,0,0,0,0,0,0,0,5,5,3,8,12,52,10.4,11,"[8, 9, 11, 12, 12]",0,5,5,0,5,19.5954,22.089,97.977,48,62,282,56.4,50,292,20,121,62,64,11664.0,51073.2,99792.0
18,even_automorphism,FAMILIA #8,8,even_pairs2_H1_3000_H2_80000_topRef100_goodX26_rN7_rD7_maxR3000_maxFam20000_q-5to4_A1over3to10sq_nA22_B1-15to15_nB67_workers12,,,"(-3/2, -5/6, 5/6, 3/2)","{'u': 0, 'w': -3}",-3,x^4 - 53/18*x^2 + 25/16,9,5,5,5,0,0,0,0,0,0,0,5,5,3,8,12,50,10.0,10,"[8, 9, 10, 11, 12]",0,5,5,0,5,23.837200000000003,29.37,119.186,66,100,392,78.4,68,402,29,176,100,102,19764.0,2605053.6,6084864.0
19,even_automorphism,FAMILIA #14,14,even_pairs2_H1_3000_H2_80000_topRef100_goodX26_rN4_rD4_maxR300_maxFam2000_q-3to3_A11over5to10sq_nA35_B1-15to15_nB67_workers11,,,"(-2, -1, 1, 2)","{'u': 0, 'w': -3}",-3,x^4 - 5*x^2 + 4,9,5,5,5,0,0,0,0,0,0,0,5,5,3,8,10,47,9.4,10,"[8, 9, 10, 10, 10]",1,4,4,0,5,19.757600000000004,21.829,98.78800000000001,66,76,368,73.6,68,378,29,164,76,78,498.0,12745.2,37500.0
20,even_automorphism,FAMILIA #38,38,even_pairs2_H1_3000_H2_80000_topRef100_goodX26_rN4_rD4_maxR300_maxFam2000_q-3to3_A11over5to10sq_nA35_B1-15to15_nB67_workers11,,,"(-3, -1, 1, 3)","{'u': -2, 'w': -1}",-2*x^2 - 1,x^4 - 10*x^2 + 9,44*x^2 - 35,5,5,5,0,0,0,0,0,0,0,5,5,3,8,10,46,9.2,10,"[8, 8, 10, 10, 10]",0,5,5,0,5,21.491400000000002,27.839,107.45700000000001,62,80,340,68.0,64,350,27,150,80,82,87.0,63080.0,172176.0
21,even_automorphism,FAMILIA #39,39,even_pairs2_H1_3000_H2_80000_topRef100_goodX26_rN4_rD4_maxR300_maxFam2000_q-3to3_A11over5to10sq_nA35_B1-15to15_nB67_workers11,,,"(-3/4, -1/2, 1/2, 3/4)","{'u': -3, 'w': 2}",-3*x^2 + 2,x^4 - 13/16*x^2 + 9/64,-75/16*x^2 + 175/64,5,5,5,0,0,0,0,0,0,0,5,5,2,8,11,48,9.6,9,"[8, 9, 9, 11, 11]",0,5,5,0,5,21.551,25.679,107.755,62,76,340,68.0,64,350,27,150,76,78,147456.0,6348441.6,23558400.0
22,even_automorphism,FAMILIA #30,30,even_pairs2_H1_3000_H2_80000_topRef100_goodX26_rN4_rD4_maxR300_maxFam2000_q-3to3_A11over5to10sq_nA35_B1-15to15_nB67_workers11,,,"(-4/3, -1/3, 1/3, 4/3)","{'u': -1, 'w': -1}",-x^2 - 1,x^4 - 17/9*x^2 + 16/81,35/9*x^2 + 65/81,5,5,5,0,0,0,0,0,0,0,5,5,2,8,11,46,9.2,8,"[8, 8, 8, 11, 11]",0,5,5,0,5,26.255000000000003,32.299,131.275,62,88,370,74.0,64,380,27,165,88,90,3688740.0,23887677.6,82406160.0
23,even_automorphism,FAMILIA #18,18,even_pairs2_H1_3000_H2_80000_topRef100_goodX26_rN7_rD7_maxR3000_maxFam20000_q-5to4_A1over3to10sq_nA22_B1-15to15_nB67_workers12,,,"(-2, -3/2, 3/2, 2)","{'u': 0, 'w': -3}",-3,x^4 - 25/4*x^2 + 9,9,5,5,5,0,0,0,0,0,0,0,5,5,2,8,10,45,9.0,9,"[8, 8, 9, 10, 10]",0,5,5,0,5,21.9354,30.55,109.677,64,106,402,80.4,66,412,28,181,106,108,2304.0,56102.4,186624.0
24,even_automorphism,FAMILIA #3,3,even_pairs2_H1_3000_H2_80000_topRef100_goodX26_rN4_rD4_maxR300_maxFam2000_q-3to3_A11to10sq_B1-15to15_workers11,,,"(-3, -2, 2, 3)","{'u': -3, 'w': 2}",-3*x^2 + 2,x^4 - 13*x^2 + 36,105*x^2 - 320,5,5,5,0,0,0,0,0,0,0,5,5,2,8,10,45,9.0,9,"[8, 8, 9, 10, 10]",0,5,5,0,5,17.1774,20.739,85.887,56,64,308,61.6,58,318,24,134,64,66,759.0,1940.2,3086.0
25,even_automorphism,FAMILIA #42,42,even_pairs2_H1_3000_H2_80000_topRef100_goodX26_rN4_rD4_maxR300_maxFam2000_q-3to3_A11to10sq_B1-15to15_workers11,,,"(-3/2, -3/4, 3/4, 3/2)","{'u': -2, 'w': 0}",-2*x^2,x^4 - 45/16*x^2 + 81/64,45/4*x^2 - 81/16,5,5,5,0,0,0,0,0,0,0,5,5,2,8,10,45,9.0,9,"[8, 8, 9, 10, 10]",0,5,5,0,5,17.8414,21.89,89.207,46,106,322,64.4,48,332,19,141,106,108,12816.0,253686.4,716800.0
26,even_automorphism,FAMILIA #44,44,even_pairs2_H1_3000_H2_80000_topRef100_goodX26_rN4_rD4_maxR300_maxFam2000_q-3to3_A11to10sq_B1-15to15_workers11,,,"(-3, -3/2, 3/2, 3)","{'u': -2, 'w': 0}",-2*x^2,x^4 - 45/4*x^2 + 81/4,45*x^2 - 81,5,5,5,0,0,0,0,0,0,0,5,5,2,8,10,45,9.0,9,"[8, 8, 9, 10, 10]",0,5,5,0,5,15.965399999999999,17.949,79.827,46,70,280,56.0,48,290,19,120,70,72,1341.0,5581.8,13644.0
27,even_automorphism,FAMILIA #34,34,even_pairs2_H1_3000_H2_80000_topRef100_goodX26_rN7_rD7_maxR3000_maxFam20000_q-5to4_A1over3to10sq_nA22_B1-15to15_nB67_workers12,,,"(-2, -1, 1, 2)","{'u': 0, 'w': -5}",-5,x^4 - 5*x^2 + 4,25,5,5,5,0,0,0,0,0,0,0,5,5,1,8,11,44,8.8,8,"[8, 8, 8, 9, 11]",1,4,4,0,5,16.499200000000002,18.85,82.49600000000001,64,76,350,70.0,66,360,28,155,76,78,184.0,3611.4,6561.0
28,even_automorphism,FAMILIA #27,27,even_pairs2_H1_3000_H2_80000_topRef100_goodX26_rN4_rD4_maxR300_maxFam2000_q-3to3_A11to10sq_B1-15to15_workers11,,,"(-3, -2, 2, 3)","{'u': -2, 'w': 3}",-2*x^2 + 3,x^4 - 13*x^2 + 36,40*x^2 - 135,5,5,5,0,0,0,0,0,0,0,5,5,1,8,10,44,8.8,9,"[8, 8, 9, 9, 10]",0,5,5,0,5,16.6874,19.079,83.437,52,88,312,62.4,54,322,22,136,88,90,338.0,1061.2,1869.0
29,even_automorphism,FAMILIA #29,29,even_pairs2_H1_3000_H2_80000_topRef100_goodX26_rN4_rD4_maxR300_maxFam2000_q-3to3_A11to10sq_B1-15to15_workers11,,,"(-2, -1, 1, 2)","{'u': -1, 'w': 2}",-x^2 + 2,x^4 - 5*x^2 + 4,x^2,5,5,5,0,0,0,0,0,0,0,5,5,1,8,10,44,8.8,9,"[8, 8, 9, 9, 10]",0,5,5,0,5,17.3054,24.809,86.527,48,66,290,58.0,50,300,20,125,66,68,76.0,214.6,395.0
30,even_automorphism,FAMILIA #41,41,even_pairs2_H1_3000_H2_80000_topRef100_goodX26_rN4_rD4_maxR300_maxFam2000_q-3to3_A11to10sq_B1-15to15_workers11,,,"(-2, -1/3, 1/3, 2)","{'u': -3, 'w': -2}",-3*x^2 - 2,x^4 - 37/9*x^2 + 4/9,49*x^2,5,5,5,0,0,0,0,0,0,0,5,5,1,8,10,44,8.8,9,"[8, 8, 9, 9, 10]",0,5,5,0,5,16.0376,18.39,80.188,48,68,272,54.4,50,282,20,116,68,70,5166.0,10332.0,16398.0
31,even_automorphism,FAMILIA #35,35,even_pairs2_H1_3000_H2_80000_topRef100_goodX26_rN4_rD4_maxR300_maxFam2000_q-3to3_A11to10sq_B1-15to15_workers11,,,"(-3/2, -1/3, 1/3, 3/2)","{'u': -2, 'w': -1}",-2*x^2 - 1,x^4 - 85/36*x^2 + 1/4,121/9*x^2,5,5,5,0,0,0,0,0,0,0,5,5,1,8,10,42,8.4,8,"[8, 8, 8, 8, 10]",0,5,5,0,5,15.5656,17.3,77.828,44,64,274,54.8,46,284,18,117,64,66,2916.0,58240.8,249156.0
32,even_automorphism,FAMILIA #36,36,even_pairs2_H1_3000_H2_80000_topRef100_goodX26_rN4_rD4_maxR300_maxFam2000_q-3to3_A11to10sq_B1-15to15_workers11,,,"(-4/3, -2/3, 2/3, 4/3)","{'u': -1, 'w': 1}",-x^2 + 1,x^4 - 20/9*x^2 + 64/81,2/9*x^2 + 17/81,5,5,5,0,0,0,0,0,0,0,5,5,0,8,9,42,8.4,8,"[8, 8, 8, 9, 9]",0,5,5,0,5,22.998,30.44,114.99000000000001,42,68,274,54.8,44,284,17,117,68,70,78732.0,517006.8,1200663.0
33,even_automorphism,FAMILIA #5,5,even_pairs2_H1_3000_H2_80000_topRef100_goodX26_rN4_rD4_maxR300_maxFam2000_q-3to3_A11to10sq_B1-15to15_workers11,,,"(-1, -1/2, 1/2, 1)","{'u': -1, 'w': 3}",-x^2 + 3,x^4 - 5/4*x^2 + 1/4,-19/4*x^2 + 35/4,5,5,5,0,0,0,0,0,0,0,5,5,0,8,9,41,8.2,8,"[8, 8, 8, 8, 9]",0,5,5,0,5,15.1196,16.32,75.598,54,70,312,62.4,56,322,23,136,70,72,64.0,493.6,880.0
34,even_automorphism,FAMILIA #16,16,even_pairs2_H1_3000_H2_80000_topRef100_goodX26_rN4_rD4_maxR300_maxFam2000_q-3to3_A11over5to10sq_nA35_B1-15to15_nB67_workers11,,,"(-3/2, -1/2, 1/2, 3/2)","{'u': 0, 'w': -3}",-3,x^4 - 5/2*x^2 + 9/16,9,5,5,5,0,0,0,0,0,0,0,5,5,0,8,8,40,8.0,8,"[8, 8, 8, 8, 8]",0,5,5,0,5,18.401400000000002,21.289,92.007,66,74,348,69.6,68,358,29,154,74,76,7680.0,426566.4,907200.0
35,even_automorphism,FAMILIA #16,16,even_pairs2_H1_3000_H2_80000_topRef100_goodX26_rN7_rD7_maxR3000_maxFam20000_q-5to4_A1over3to10sq_nA22_B1-15to15_nB67_workers12,,,"(-3/2, -1/2, 1/2, 3/2)","{'u': 0, 'w': -3}",-3,x^4 - 5/2*x^2 + 9/16,9,5,5,5,0,0,0,0,0,0,0,5,5,0,8,8,40,8.0,8,"[8, 8, 8, 8, 8]",0,5,5,0,5,18.401400000000002,21.289,92.007,66,74,348,69.6,68,358,29,154,74,76,7680.0,426566.4,907200.0
36,even_automorphism,FAMILIA #50,50,even_pairs2_H1_3000_H2_80000_topRef100_goodX26_rN4_rD4_maxR300_maxFam2000_q-3to3_A11to10sq_B1-15to15_workers11,,,"(-1, -2/3, 2/3, 1)","{'u': -2, 'w': -3}",-2*x^2 - 3,x^4 - 13/9*x^2 + 4/9,160/9*x^2 + 65/9,5,5,5,0,0,0,0,0,0,0,5,4,0,7,9,41,8.2,8,"[7, 8, 8, 9, 9]",0,5,5,0,5,17.9434,22.12,89.717,44,68,268,53.6,46,278,18,114,68,70,122.0,2516.6,5265.0
37,even_automorphism,FAMILIA #15,15,even_pairs2_H1_3000_H2_80000_topRef100_goodX26_rN4_rD4_maxR300_maxFam2000_q-3to3_A11to10sq_B1-15to15_workers11,,,"(-4/3, -1, 1, 4/3)","{'u': -2, 'w': 1}",-2*x^2 + 1,x^4 - 25/9*x^2 + 16/9,64/9*x^2 - 55/9,5,5,5,0,0,0,0,0,0,0,5,4,2,6,11,43,8.6,8,"[6, 8, 8, 10, 11]",0,5,5,0,5,17.735599999999998,22.519,88.678,46,66,288,57.6,48,298,19,124,66,68,96.0,4197.0,10539.0
38,even_automorphism,FAMILIA #31,31,even_pairs2_H1_3000_H2_80000_topRef100_goodX26_rN4_rD4_maxR300_maxFam2000_q-3to3_A11to10sq_B1-15to15_workers11,,,"(-4, -3, 3, 4)","{'u': -2, 'w': -3}",-2*x^2 - 3,x^4 - 25*x^2 + 144,112*x^2 - 567,5,5,5,0,0,0,0,0,0,0,5,4,1,6,11,43,8.6,9,"[6, 8, 9, 9, 11]",1,4,4,0,5,20.1358,29.32,100.679,46,84,306,61.2,48,316,19,133,84,86,729.0,2932.0,7418.0
39,even_automorphism,FAMILIA #13,13,even_pairs2_H1_3000_H2_80000_topRef100_goodX26_rN4_rD4_maxR300_maxFam2000_q-3to3_A11to10sq_B1-15to15_workers11,,,"(-3, -2, 2, 3)","{'u': -2, 'w': -2}",-2*x^2 - 2,x^4 - 13*x^2 + 36,60*x^2 - 140,5,5,5,0,0,0,0,0,0,0,5,3,1,6,11,40,8.0,8,"[6, 7, 8, 8, 11]",0,5,5,0,5,14.3734,21.019,71.867,48,76,294,58.8,50,304,20,127,76,78,178.0,839.4,2403.0
40,even_automorphism,FAMILIA #7,7,even_pairs2_H1_3000_H2_80000_topRef100_goodX26_rN4_rD4_maxR300_maxFam2000_q-3to3_A11to10sq_B1-15to15_workers11,,,"(-1, -1/2, 1/2, 1)","{'u': -1, 'w': -2}",-x^2 - 2,x^4 - 5/4*x^2 + 1/4,21/4*x^2 + 15/4,5,5,5,0,0,0,0,0,0,0,5,4,0,6,8,38,7.6,8,"[6, 8, 8, 8, 8]",0,5,5,0,5,14.689400000000001,17.079,73.447,50,82,334,66.8,52,344,21,147,82,84,91.0,582.2,1460.0
41,even_automorphism,FAMILIA #33,33,even_pairs2_H1_3000_H2_80000_topRef100_goodX26_rN4_rD4_maxR300_maxFam2000_q-3to3_A11to10sq_B1-15to15_workers11,,,"(-3, -2, 2, 3)","{'u': -3, 'w': -3}",-3*x^2 - 3,x^4 - 13*x^2 + 36,135*x^2 - 315,5,5,5,0,0,0,0,0,0,0,5,3,0,6,8,36,7.2,8,"[6, 6, 8, 8, 8]",0,5,5,0,5,13.887800000000002,17.239,69.43900000000001,46,60,270,54.0,48,280,19,115,60,62,264.0,1402.0,3748.0
42,even_automorphism,FAMILIA #10,10,even_pairs2_H1_4000_H2_150000_topRef25_goodX26_rN7_rD7_maxR3000_maxFam20000_q-5to4_A11over3to12sq_nA26_B1-18to18_nB79_workers8,,,"(-4/3, -2/3, 2/3, 4/3)","{'u': -1, 'w': -3}",-x^2 - 3,x^4 - 20/9*x^2 + 64/81,74/9*x^2 + 665/81,5,4,4,0,0,0,0,1,0,1,4,4,4,10,11,42,10.5,10.5,"[10, 10, 11, 11]",0,4,4,0,4,33.324,38.479,133.296,70,108,446,89.2,72,456,31,203,108,110,305451.0,2361781.8,4881384.0
43,even_automorphism,FAMILIA #9,9,even_pairs2_H1_4000_H2_150000_topRef25_goodX30_rN12_rD12_maxR5000_maxFam40000_q-10to10_A11over3to12sq_nA26_B1-18to18_nB79_workers8,,,"(-4/3, -2/3, 2/3, 4/3)","{'u': -1, 'w': -3}",-x^2 - 3,x^4 - 20/9*x^2 + 64/81,74/9*x^2 + 665/81,5,4,4,0,0,0,0,1,0,1,4,4,4,10,11,42,10.5,10.5,"[10, 10, 11, 11]",0,4,4,0,4,33.324,38.479,133.296,70,108,446,89.2,72,456,31,203,108,110,305451.0,2361781.8,4881384.0
44,even_automorphism,FAMILIA #1,1,even_pairs2_H1_3000_H2_80000_topRef100_goodX26_rN4_rD4_maxR300_maxFam2000_q-3to3_A11over5to10sq_nA35_B1-15to15_nB67_workers11,,,"(-3, -2, 2, 3)","{'u': -2, 'w': -2}",-2*x^2 - 2,x^4 - 13*x^2 + 36,60*x^2 - 140,5,4,4,0,0,0,0,1,0,1,4,4,4,10,11,41,10.25,10.0,"[10, 10, 10, 11]",0,4,4,0,4,21.1945,22.51,84.778,76,90,412,82.4,78,422,34,186,90,92,2403.0,44873.2,69024.0
45,even_automorphism,FAMILIA #12,12,even_pairs2_H1_3000_H2_80000_topRef100_goodX26_rN4_rD4_maxR300_maxFam2000_q-3to3_A11over5to10sq_nA35_B1-15to15_nB67_workers11,,,"(-4, -3, 3, 4)","{'u': -1, 'w': -2}",-x^2 - 2,x^4 - 25*x^2 + 144,29*x^2 - 140,5,4,4,0,0,0,0,1,0,1,4,4,4,10,10,40,10.0,10.0,"[10, 10, 10, 10]",0,4,4,0,4,20.35925,21.469,81.437,66,86,376,75.2,68,386,29,168,86,88,4356.0,16530.2,43520.0
46,even_automorphism,FAMILIA #11,11,even_pairs2_H1_3000_H2_80000_topRef100_goodX26_rN7_rD7_maxR3000_maxFam20000_q-5to4_A1over3to10sq_nA22_B1-15to15_nB67_workers12,,,"(-4, -3, 3, 4)","{'u': -1, 'w': -2}",-x^2 - 2,x^4 - 25*x^2 + 144,29*x^2 - 140,5,4,4,0,0,0,0,1,0,1,4,4,4,10,10,40,10.0,10.0,"[10, 10, 10, 10]",0,4,4,0,4,20.35925,21.469,81.437,66,86,376,75.2,68,386,29,168,86,88,4356.0,16530.2,43520.0
47,even_automorphism,FAMILIA #4,4,even_pairs2_H1_3000_H2_80000_topRef100_goodX26_rN4_rD4_maxR300_maxFam2000_q-3to3_A11over5to10sq_nA35_B1-15to15_nB67_workers11,,,"(-2, -3/2, 3/2, 2)","{'u': 0, 'w': -2}",-2,x^4 - 25/4*x^2 + 9,4,5,5,4,0,0,0,1,0,0,1,4,4,3,9,12,43,10.75,11.0,"[9, 10, 12, 12]",0,4,4,0,5,24.8414,48.49,124.20700000000001,68,92,390,78.0,70,400,30,175,92,94,626.0,70192.4,311296.0
48,even_automorphism,FAMILIA #11,11,even_pairs2_H1_4000_H2_150000_topRef25_goodX30_rN12_rD12_maxR5000_maxFam40000_q-10to10_A11over3to12sq_nA26_B1-18to18_nB79_workers8,,,"(-3/5, -2/5, 2/5, 3/5)","{'u': -1/3, 'w': 2/3}",-1/3*x^2 + 2/3,x^4 - 13/25*x^2 + 36/625,-29/75*x^2 + 2464/5625,5,4,4,0,0,0,0,1,0,1,4,4,3,9,11,41,10.25,10.5,"[9, 10, 11, 11]",0,4,4,0,4,38.07225,42.14,152.289,70,116,436,87.2,72,446,31,198,116,118,404296875.0,1876021875.0,5189062500.0
49,even_automorphism,FAMILIA #6,6,even_pairs2_H1_3000_H2_80000_topRef100_goodX26_rN7_rD7_maxR3000_maxFam20000_q-5to4_A1over3to10sq_nA22_B1-15to15_nB67_workers12,,,"(-3, -2, 2, 3)","{'u': 0, 'w': -5}",-5,x^4 - 13*x^2 + 36,25,5,4,4,0,0,0,0,1,0,1,4,4,3,9,11,41,10.25,10.5,"[9, 10, 11, 11]",0,4,4,0,4,26.55475,46.159,106.219,68,80,356,71.2,70,366,30,158,80,82,363.0,9134.4,37260.0
50,even_automorphism,FAMILIA #9,9,even_pairs2_H1_3000_H2_80000_topRef100_goodX26_rN4_rD4_maxR300_maxFam2000_q-3to3_A11over5to10sq_nA35_B1-15to15_nB67_workers11,,,"(-4, -3, 3, 4)","{'u': 0, 'w': -2}",-2,x^4 - 25*x^2 + 144,4,5,4,4,0,0,0,0,1,0,1,4,4,3,9,11,41,10.25,10.5,"[9, 10, 11, 11]",0,4,4,0,4,17.834500000000002,20.129,71.33800000000001,66,112,390,78.0,68,400,29,175,112,114,626.0,18318.4,82644.0
51,even_automorphism,FAMILIA #10,10,even_pairs2_H1_3000_H2_80000_topRef100_goodX26_rN7_rD7_maxR3000_maxFam20000_q-5to4_A1over3to10sq_nA22_B1-15to15_nB67_workers12,,,"(-4, -3, 3, 4)","{'u': 0, 'w': -2}",-2,x^4 - 25*x^2 + 144,4,5,4,4,0,0,0,0,1,0,1,4,4,3,9,11,41,10.25,10.5,"[9, 10, 11, 11]",0,4,4,0,4,17.834500000000002,20.129,71.33800000000001,66,112,390,78.0,68,400,29,175,112,114,626.0,18318.4,82644.0
52,even_automorphism,FAMILIA #24,24,even_pairs2_H1_3000_H2_80000_topRef100_goodX26_rN4_rD4_maxR300_maxFam2000_q-3to3_A11over5to10sq_nA35_B1-15to15_nB67_workers11,,,"(-2, -1, 1, 2)","{'u': 0, 'w': -1}",-1,x^4 - 5*x^2 + 4,1,5,4,4,0,0,0,0,1,0,1,4,4,3,9,11,40,10.0,10.0,"[9, 10, 10, 11]",0,4,4,0,4,19.392,23.859,77.568,64,82,360,72.0,66,370,28,160,82,84,71.0,809.6,2901.0
53,even_automorphism,FAMILIA #28,28,even_pairs2_H1_3000_H2_80000_topRef100_goodX26_rN7_rD7_maxR3000_maxFam20000_q-5to4_A1over3to10sq_nA22_B1-15to15_nB67_workers12,,,"(-2, -1, 1, 2)","{'u': 0, 'w': -1}",-1,x^4 - 5*x^2 + 4,1,5,4,4,0,0,0,0,1,0,1,4,4,3,9,11,40,10.0,10.0,"[9, 10, 10, 11]",0,4,4,0,4,19.392,23.859,77.568,64,82,360,72.0,66,370,28,160,82,84,71.0,809.6,2901.0
54,even_automorphism,FAMILIA #50,50,even_pairs2_H1_3000_H2_80000_topRef100_goodX26_rN4_rD4_maxR300_maxFam2000_q-3to3_A11over5to10sq_nA35_B1-15to15_nB67_workers11,,,"(-3, -2, 2, 3)","{'u': -1, 'w': -2}",-x^2 - 2,x^4 - 13*x^2 + 36,17*x^2 - 32,5,4,4,0,0,0,0,1,0,1,4,4,3,9,11,40,10.0,10.0,"[9, 10, 10, 11]",0,4,4,0,4,20.264499999999998,27.329,81.05799999999999,60,94,354,70.8,62,364,26,157,94,96,508.0,282434.8,638400.0
55,even_automorphism,FAMILIA #13,13,even_pairs2_H1_3000_H2_80000_topRef100_goodX26_rN7_rD7_maxR3000_maxFam20000_q-5to4_A1over3to10sq_nA22_B1-15to15_nB67_workers12,,,"(-3/2, -1/4, 1/4, 3/2)","{'u': -3, 'w': -2}",-3*x^2 - 2,x^4 - 37/16*x^2 + 9/64,525/16*x^2 + 175/64,5,5,4,0,0,0,1,0,0,1,4,4,3,9,10,39,9.75,10.0,"[9, 10, 10, 10]",0,4,4,0,5,20.915399999999998,27.71,104.577,66,82,364,72.8,68,374,29,162,82,84,1015872.0,4666022.4,15821568.0
56,even_automorphism,FAMILIA #20,20,even_pairs2_H1_3000_H2_80000_topRef100_goodX26_rN4_rD4_maxR300_maxFam2000_q-3to3_A11to10sq_B1-15to15_workers11,,,"(-3, -3/2, 3/2, 3)","{'u': -3, 'w': 1}",-3*x^2 + 1,x^4 - 45/4*x^2 + 81/4,381/4*x^2 - 725/4,5,5,4,0,0,0,1,0,0,1,4,4,2,9,11,40,10.0,10.0,"[9, 9, 11, 11]",0,4,4,0,5,20.7594,32.289,103.797,36,76,288,57.6,38,298,14,124,76,78,210.0,4124.0,9066.0
57,even_automorphism,FAMILIA #35,35,even_pairs2_H1_3000_H2_80000_topRef100_goodX26_rN4_rD4_maxR300_maxFam2000_q-3to3_A11over5to10sq_nA35_B1-15to15_nB67_workers11,,,"(-1, -2/3, 2/3, 1)","{'u': -2, 'w': 3}",-2*x^2 + 3,x^4 - 13/9*x^2 + 4/9,-56/9*x^2 + 65/9,5,5,4,0,0,0,1,0,0,1,4,4,2,9,10,38,9.5,9.5,"[9, 9, 10, 10]",0,4,4,0,5,18.0054,26.67,90.027,62,82,346,69.2,64,356,27,153,82,84,4599.0,329845.0,1330650.0
58,even_automorphism,FAMILIA #3,3,even_pairs2_H1_3000_H2_80000_topRef100_goodX26_rN4_rD4_maxR300_maxFam2000_q-3to3_A11over5to10sq_nA35_B1-15to15_nB67_workers11,,,"(-3/2, -1/2, 1/2, 3/2)","{'u': -2, 'w': -1}",-2*x^2 - 1,x^4 - 5/2*x^2 + 9/16,14*x^2 - 5/4,5,4,4,0,0,0,0,1,0,1,4,4,2,9,10,38,9.5,9.5,"[9, 9, 10, 10]",0,4,4,0,4,22.09225,25.66,88.369,70,76,364,72.8,72,374,31,162,76,78,12576.0,5839616.0,16865600.0
59,even_automorphism,FAMILIA #3,3,even_pairs2_H1_3000_H2_80000_topRef100_goodX26_rN7_rD7_maxR3000_maxFam20000_q-5to4_A1over3to10sq_nA22_B1-15to15_nB67_workers12,,,"(-5/2, -3/2, 3/2, 5/2)","{'u': 0, 'w': -3}",-3,x^4 - 17/2*x^2 + 225/16,9,5,5,4,0,0,0,1,0,0,1,4,4,1,9,10,37,9.25,9.0,"[9, 9, 9, 10]",0,4,4,0,5,34.0698,52.39,170.349,68,100,372,74.4,70,382,30,166,100,102,31536.0,731084.8,3246528.0
60,even_automorphism,FAMILIA #2,2,even_pairs2_H1_3000_H2_80000_topRef100_goodX26_rN4_rD4_maxR300_maxFam2000_q-3to3_A11over5to10sq_nA35_B1-15to15_nB67_workers11,,,"(-4, -3, 3, 4)","{'u': -1, 'w': 2}",-x^2 + 2,x^4 - 25*x^2 + 144,21*x^2 - 140,5,4,4,0,0,0,0,1,0,1,4,4,3,8,12,43,10.75,11.5,"[8, 11, 12, 12]",0,4,4,0,4,23.58925,30.1,94.357,70,94,400,80.0,72,410,31,180,94,96,1342.0,226973.6,968448.0
61,even_automorphism,FAMILIA #20,20,even_pairs2_H1_4000_H2_150000_topRef25_goodX30_rN12_rD12_maxR5000_maxFam40000_q-10to10_A11over3to12sq_nA26_B1-18to18_nB79_workers8,,,"(-3/5, -2/5, 2/5, 3/5)","{'u': -2, 'w': 1/2}",-2*x^2 + 1/2,x^4 - 13/25*x^2 + 36/625,2/25*x^2 + 49/2500,5,5,4,0,0,0,1,0,0,1,4,4,3,8,12,41,10.25,10.5,"[8, 10, 11, 12]",0,4,4,0,5,30.325400000000002,46.259,151.627,64,108,434,86.8,66,444,28,197,108,110,100000000.0,2135312500.0,6806250000.0
62,even_automorphism,FAMILIA #19,19,even_pairs2_H1_3000_H2_80000_topRef100_goodX26_rN4_rD4_maxR300_maxFam2000_q-3to3_A11over5to10sq_nA35_B1-15to15_nB67_workers11,,,"(-4, -2, 2, 4)","{'u': 0, 'w': -2}",-2,x^4 - 20*x^2 + 64,4,5,5,4,0,0,0,1,0,0,1,4,4,3,8,12,40,10.0,10.0,"[8, 10, 10, 12]",0,4,4,0,5,21.4216,29.48,107.108,64,86,380,76.0,66,390,28,170,86,88,2144.0,124785.6,384000.0
63,even_automorphism,FAMILIA #34,34,even_pairs2_H1_3000_H2_80000_topRef100_goodX26_rN4_rD4_maxR300_maxFam2000_q-3to3_A11over5to10sq_nA35_B1-15to15_nB67_workers11,,,"(-4/3, -1, 1, 4/3)","{'u': -2, 'w': -1}",-2*x^2 - 1,x^4 - 25/9*x^2 + 16/9,136/9*x^2 - 55/9,5,5,4,0,0,0,1,0,0,1,4,4,3,8,11,40,10.0,10.5,"[8, 10, 11, 11]",0,4,4,0,5,23.617600000000003,36.64,118.08800000000001,62,80,348,69.6,64,358,27,154,80,82,1620.0,87251.4,391680.0
64,even_automorphism,FAMILIA #25,25,even_pairs2_H1_4000_H2_150000_topRef25_goodX26_rN7_rD7_maxR3000_maxFam20000_q-5to4_A11over3to12sq_nA26_B1-18to18_nB79_workers8,,,"(-2, -1/2, 1/2, 2)","{'u': 2, 'w': -5}",2*x^2 - 5,x^4 - 17/4*x^2 + 1,-3*x^2 + 21,5,5,4,0,0,0,1,0,0,1,4,4,3,8,11,40,10.0,10.5,"[8, 10, 11, 11]",0,4,4,0,5,20.497400000000003,23.28,102.48700000000001,60,118,418,83.6,62,428,26,189,118,120,692.0,18610.4,75792.0
65,even_automorphism,FAMILIA #1,1,even_pairs2_H1_4000_H2_150000_topRef25_goodX30_rN12_rD12_maxR5000_maxFam40000_q-10to10_A11over3to12sq_nA26_B1-18to18_nB79_workers8,,,"(-4, -3, 3, 4)","{'u': -1, 'w': -3/2}",-x^2 - 3/2,x^4 - 25*x^2 + 144,28*x^2 - 567/4,5,4,4,0,0,0,0,1,0,1,4,4,3,8,11,40,10.0,10.5,"[8, 10, 11, 11]",0,4,4,0,4,27.1045,32.59,108.418,80,100,448,89.6,82,458,36,204,100,102,29672.0,957736.0,2109888.0
66,even_automorphism,FAMILIA #7,7,even_pairs2_H1_3000_H2_80000_topRef100_goodX26_rN4_rD4_maxR300_maxFam2000_q-3to3_A11over5to10sq_nA35_B1-15to15_nB67_workers11,,,"(-3/4, -1/2, 1/2, 3/4)","{'u': -1, 'w': 1}",-x^2 + 1,x^4 - 13/16*x^2 + 9/64,-19/16*x^2 + 55/64,5,5,4,0,0,0,1,0,0,1,4,4,3,8,11,39,9.75,10.0,"[8, 10, 10, 11]",0,4,4,0,5,20.4612,24.96,102.30600000000001,66,102,408,81.6,68,418,29,184,102,104,147456.0,8210790.4,20684800.0
67,even_automorphism,FAMILIA #24,24,even_pairs2_H1_4000_H2_150000_topRef25_goodX30_rN12_rD12_maxR5000_maxFam40000_q-10to10_A11over3to12sq_nA26_B1-18to18_nB79_workers8,,,"(-3/2, -1/3, 1/3, 3/2)","{'u': -1/2, 'w': -3/2}",-1/2*x^2 - 3/2,x^4 - 85/36*x^2 + 1/4,301/144*x^2 + 35/16,5,5,4,0,0,0,1,0,0,1,4,4,3,8,11,39,9.75,10.0,"[8, 10, 10, 11]",0,4,4,0,5,22.1198,27.53,110.599,54,118,432,86.4,56,442,23,196,118,120,122832.0,1507593.6,5895504.0
68,even_automorphism,FAMILIA #4,4,even_pairs2_H1_4000_H2_150000_topRef25_goodX26_rN7_rD7_maxR3000_maxFam20000_q-5to4_A11over3to12sq_nA26_B1-18to18_nB79_workers8,,,"(-2, -1/2, 1/2, 2)","{'u': -5, 'w': -5}",-5*x^2 - 5,x^4 - 17/4*x^2 + 1,625/4*x^2,5,4,4,0,0,0,0,1,0,1,4,4,3,8,11,39,9.75,10.0,"[8, 10, 10, 11]",0,4,4,0,4,24.24425,34.719,96.977,74,92,418,83.6,76,428,33,189,92,94,134.0,83926.6,269172.0
69,even_automorphism,FAMILIA #38,38,even_pairs2_H1_3000_H2_80000_topRef100_goodX26_rN7_rD7_maxR3000_maxFam20000_q-5to4_A1over3to10sq_nA22_B1-15to15_nB67_workers12,,,"(-2, -1, 1, 2)","{'u': -3, 'w': -5}",-3*x^2 - 5,x^4 - 5*x^2 + 4,75*x^2 - 11,5,4,4,0,0,0,0,1,0,1,4,4,3,8,11,39,9.75,10.0,"[8, 10, 10, 11]",0,4,4,0,4,30.1845,57.59,120.738,64,84,340,68.0,66,350,28,150,84,86,220.0,5090.8,13440.0
70,even_automorphism,FAMILIA #25,25,even_pairs2_H1_3000_H2_80000_topRef100_goodX26_rN4_rD4_maxR300_maxFam2000_q-3to3_A11to10sq_B1-15to15_workers11,,,"(-3, -2, 2, 3)","{'u': -1, 'w': 3}",-x^2 + 3,x^4 - 13*x^2 + 36,7*x^2 - 27,5,4,4,0,0,0,0,1,0,1,4,4,3,8,11,39,9.75,10.0,"[8, 10, 10, 11]",0,4,4,0,4,24.709500000000002,44.1,98.83800000000001,52,70,302,60.4,54,312,22,131,70,72,441.0,1844.6,3802.0
71,even_automorphism,FAMILIA #19,19,even_pairs2_H1_4000_H2_150000_topRef25_goodX30_rN12_rD12_maxR5000_maxFam40000_q-10to10_A11over3to12sq_nA26_B1-18to18_nB79_workers8,,,"(-2, -1/2, 1/2, 2)","{'u': -1/2, 'w': -1/2}",-1/2*x^2 - 1/2,x^4 - 17/4*x^2 + 1,25/16*x^2,5,5,4,0,0,0,1,0,0,1,4,4,3,8,10,38,9.5,10.0,"[8, 10, 10, 10]",0,4,4,0,5,26.949599999999997,33.84,134.748,66,108,412,82.4,68,422,29,186,108,110,10560.0,42620.8,131392.0
72,even_automorphism,FAMILIA #41,41,even_pairs2_H1_3000_H2_80000_topRef100_goodX26_rN7_rD7_maxR3000_maxFam20000_q-5to4_A1over3to10sq_nA22_B1-15to15_nB67_workers12,,,"(-2, -1/2, 1/2, 2)","{'u': -4, 'w': -5}",-4*x^2 - 5,x^4 - 17/4*x^2 + 1,108*x^2 + 9,5,4,4,0,0,0,0,1,0,1,4,4,3,8,10,38,9.5,10.0,"[8, 10, 10, 10]",0,4,4,0,4,25.134500000000003,38.2,100.53800000000001,62,86,360,72.0,64,370,27,160,86,88,5396.0,22519.2,36224.0
73,even_automorphism,FAMILIA #15,15,even_pairs2_H1_3000_H2_80000_topRef100_goodX26_rN4_rD4_maxR300_maxFam2000_q-3to3_A11over5to10sq_nA35_B1-15to15_nB67_workers11,,,"(-3/2, -1, 1, 3/2)","{'u': 0, 'w': -1}",-1,x^4 - 13/4*x^2 + 9/4,1,5,4,4,0,0,0,0,1,0,1,4,4,2,8,13,39,9.75,9.0,"[8, 8, 10, 13]",0,4,4,0,4,21.329250000000002,30.699,85.31700000000001,66,80,356,71.2,68,366,29,158,80,82,456.0,104131.2,471360.0
74,even_automorphism,FAMILIA #22,22,even_pairs2_H1_4000_H2_150000_topRef25_goodX30_rN12_rD12_maxR5000_maxFam40000_q-10to10_A11over3to12sq_nA26_B1-18to18_nB79_workers8,,,"(-5/2, -2, 2, 5/2)","{'u': -1/2, 'w': 1/2}",-1/2*x^2 + 1/2,x^4 - 41/4*x^2 + 25,33/16*x^2 - 6,5,4,4,0,0,0,0,1,0,1,4,4,2,8,11,38,9.5,9.5,"[8, 8, 11, 11]",0,4,4,0,4,24.814750000000004,34.34,99.25900000000001,64,92,396,79.2,66,406,28,178,92,94,76496.0,2222883.2,7791696.0
75,even_automorphism,FAMILIA #32,32,even_pairs2_H1_3000_H2_80000_topRef100_goodX26_rN7_rD7_maxR3000_maxFam20000_q-5to4_A1over3to10sq_nA22_B1-15to15_nB67_workers12,,,"(-7, -2, 2, 7)","{'u': -2, 'w': 2}",-2*x^2 + 2,x^4 - 53*x^2 + 196,204*x^2 - 780,5,4,4,0,0,0,0,1,0,1,4,4,2,8,11,38,9.5,9.5,"[8, 9, 10, 11]",1,3,3,0,4,27.3345,34.969,109.338,64,84,350,70.0,66,360,28,155,84,86,656.0,156320.8,347976.0
76,even_automorphism,FAMILIA #8,8,even_pairs2_H1_4000_H2_150000_topRef25_goodX30_rN12_rD12_maxR5000_maxFam40000_q-10to10_A11over3to12sq_nA26_B1-18to18_nB79_workers8,,,"(-4/3, -1/6, 1/6, 4/3)","{'u': -3/2, 'w': 1/3}",-3/2*x^2 + 1/3,x^4 - 65/36*x^2 + 4/81,49/16*x^2,5,5,4,0,0,0,1,0,0,1,4,4,2,8,10,37,9.25,9.5,"[8, 9, 10, 10]",0,4,4,0,5,31.0396,53.859,155.198,74,104,420,84.0,76,430,33,190,104,106,5143824.0,668195568.0,2646106704.0
77,even_automorphism,FAMILIA #8,8,even_pairs2_H1_3000_H2_80000_topRef100_goodX26_rN4_rD4_maxR300_maxFam2000_q-3to3_A11over5to10sq_nA35_B1-15to15_nB67_workers11,,,"(-2, -3/2, 3/2, 2)","{'u': 0, 'w': -3}",-3,x^4 - 25/4*x^2 + 9,9,5,5,4,0,0,0,1,0,0,1,4,4,2,8,10,37,9.25,9.5,"[8, 9, 10, 10]",0,4,4,0,5,19.6674,30.55,98.337,66,106,404,80.8,68,414,29,182,106,108,2304.0,117388.8,331776.0
78,even_automorphism,FAMILIA #14,14,even_pairs2_H1_3000_H2_80000_topRef100_goodX26_rN7_rD7_maxR3000_maxFam20000_q-5to4_A1over3to10sq_nA22_B1-15to15_nB67_workers12,,,"(-3, -2, 2, 3)","{'u': 0, 'w': -4}",-4,x^4 - 13*x^2 + 36,16,5,5,4,0,0,0,1,0,0,1,4,4,2,8,11,37,9.25,9.0,"[8, 8, 10, 11]",0,4,4,0,5,16.899,22.969,84.495,66,78,354,70.8,68,364,29,157,78,80,1140.0,6064.8,15369.0
79,even_automorphism,FAMILIA #33,33,even_pairs2_H1_3000_H2_80000_topRef100_goodX26_rN7_rD7_maxR3000_maxFam20000_q-5to4_A1over3to10sq_nA22_B1-15to15_nB67_workers12,,,"(-6/5, -4/5, 4/5, 6/5)","{'u': -4, 'w': 4}",-4*x^2 + 4,x^4 - 52/25*x^2 + 576/625,32/25*x^2 + 784/625,5,5,4,0,0,0,1,0,0,1,4,4,2,8,10,37,9.25,9.5,"[8, 9, 10, 10]",0,4,4,0,5,31.0414,37.659,155.207,64,80,350,70.0,66,360,28,155,80,82,10656250.0,686125000.0,1677000000.0
80,even_automorphism,FAMILIA #8,8,even_pairs2_H1_3000_H2_80000_topRef100_goodX26_rN4_rD4_maxR300_maxFam2000_q-3to3_A11to10sq_B1-15to15_workers11,,,"(-3, -2/3, 2/3, 3)","{'u': -1, 'w': 2}",-x^2 + 2,x^4 - 85/9*x^2 + 4,49/9*x^2,5,5,4,0,0,0,1,0,0,1,4,4,2,8,11,37,9.25,9.0,"[8, 8, 10, 11]",0,4,4,0,5,25.156,45.82,125.78,48,70,310,62.0,50,320,20,135,70,72,3825.0,22779.0,47988.0
81,even_automorphism,FAMILIA #15,15,even_pairs2_H1_4000_H2_150000_topRef25_goodX30_rN12_rD12_maxR5000_maxFam40000_q-10to10_A11over3to12sq_nA26_B1-18to18_nB79_workers8,,,"(-3/2, -6/5, 6/5, 3/2)","{'u': -1, 'w': 3/2}",-x^2 + 3/2,x^4 - 369/100*x^2 + 81/25,69/100*x^2 - 99/100,5,4,4,0,0,0,0,1,0,1,4,4,2,8,10,37,9.25,9.5,"[8, 9, 10, 10]",0,4,4,0,4,25.802,30.339,103.208,66,126,440,88.0,68,450,29,200,126,128,230400.0,5462100.0,10108800.0
82,even_automorphism,FAMILIA #18,18,even_pairs2_H1_3000_H2_80000_topRef100_goodX26_rN4_rD4_maxR300_maxFam2000_q-3to3_A11over5to10sq_nA35_B1-15to15_nB67_workers11,,,"(-2, -1, 1, 2)","{'u': -3, 'w': -1}",-3*x^2 - 1,x^4 - 5*x^2 + 4,51*x^2 - 35,5,4,4,0,0,0,0,1,0,1,4,4,2,8,10,37,9.25,9.5,"[8, 9, 10, 10]",0,4,4,0,4,17.959500000000002,21.21,71.83800000000001,64,84,382,76.4,66,392,28,171,84,86,34.0,3957.4,12720.0
83,even_automorphism,FAMILIA #21,21,even_pairs2_H1_3000_H2_80000_topRef100_goodX26_rN7_rD7_maxR3000_maxFam20000_q-5to4_A1over3to10sq_nA22_B1-15to15_nB67_workers12,,,"(-2, -1, 1, 2)","{'u': -3, 'w': -1}",-3*x^2 - 1,x^4 - 5*x^2 + 4,51*x^2 - 35,5,4,4,0,0,0,0,1,0,1,4,4,2,8,10,37,9.25,9.5,"[8, 9, 10, 10]",0,4,4,0,4,17.959500000000002,21.21,71.83800000000001,64,84,382,76.4,66,392,28,171,84,86,34.0,3957.4,12720.0
84,even_automorphism,FAMILIA #44,44,even_pairs2_H1_3000_H2_80000_topRef100_goodX26_rN7_rD7_maxR3000_maxFam20000_q-5to4_A1over3to10sq_nA22_B1-15to15_nB67_workers12,,,"(-3, -1/5, 1/5, 3)","{'u': -3, 'w': 3}",-3*x^2 + 3,x^4 - 226/25*x^2 + 9/25,1584/25*x^2 + 144/25,5,4,4,0,0,0,0,1,0,1,4,4,2,8,10,37,9.25,9.5,"[8, 9, 10, 10]",0,4,4,0,4,24.3825,28.42,97.53,62,86,356,71.2,64,366,27,158,86,88,109425.0,4460940.0,8750025.0
85,even_automorphism,FAMILIA #11,11,even_pairs2_H1_3000_H2_80000_topRef100_goodX26_rN4_rD4_maxR300_maxFam2000_q-3to3_A11to10sq_B1-15to15_workers11,,,"(-4, -2, 2, 4)","{'u': -2, 'w': -1}",-2*x^2 - 1,x^4 - 20*x^2 + 64,84*x^2 - 255,5,4,4,0,0,0,0,1,0,1,4,4,2,8,10,37,9.25,9.5,"[8, 9, 10, 10]",0,4,4,0,4,17.12475,20.41,68.499,44,80,300,60.0,46,310,18,130,80,82,620.0,3010.4,5368.0
86,even_automorphism,FAMILIA #18,18,even_pairs2_H1_3000_H2_80000_topRef100_goodX26_rN4_rD4_maxR300_maxFam2000_q-3to3_A11to10sq_B1-15to15_workers11,,,"(-3/4, -1/3, 1/3, 3/4)","{'u': -3, 'w': 2}",-3*x^2 + 2,x^4 - 97/144*x^2 + 1/16,-95/16*x^2 + 55/16,5,4,4,0,0,0,0,1,0,1,4,4,2,8,10,37,9.25,9.5,"[8, 9, 10, 10]",0,4,4,0,4,22.817,29.28,91.268,40,76,308,61.6,42,318,16,134,76,78,39888.0,326736.0,1016064.0
87,even_automorphism,FAMILIA #43,43,even_pairs2_H1_3000_H2_80000_topRef100_goodX26_rN4_rD4_maxR300_maxFam2000_q-3to3_A11over5to10sq_nA35_B1-15to15_nB67_workers11,,,"(-3, -2, 2, 3)","{'u': -1, 'w': 1}",-x^2 + 1,x^4 - 13*x^2 + 36,11*x^2 - 35,5,5,4,0,0,0,1,0,0,1,4,4,2,8,10,36,9.0,9.0,"[8, 8, 10, 10]",1,3,3,0,5,14.3114,19.769,71.557,62,74,332,66.4,64,342,27,146,74,76,950.0,31682.2,140625.0
88,even_automorphism,FAMILIA #45,45,even_pairs2_H1_3000_H2_80000_topRef100_goodX26_rN4_rD4_maxR300_maxFam2000_q-3to3_A11to10sq_B1-15to15_workers11,,,"(-3/2, -2/3, 2/3, 3/2)","{'u': -1, 'w': -1}",-x^2 - 1,x^4 - 97/36*x^2 + 1,169/36*x^2,5,5,4,0,0,0,1,0,0,1,4,4,2,8,10,36,9.0,9.0,"[8, 8, 10, 10]",0,4,4,0,5,24.8978,53.59,124.489,44,104,332,66.4,46,342,18,146,104,106,6786.0,23230.8,31824.0
89,even_automorphism,FAMILIA #2,2,even_pairs2_H1_3000_H2_80000_topRef100_goodX26_rN7_rD7_maxR3000_maxFam20000_q-5to4_A1over3to10sq_nA22_B1-15to15_nB67_workers12,,,"(-5, -3, 3, 5)","{'u': 1, 'w': -5}",x^2 - 5,x^4 - 34*x^2 + 225,24*x^2 - 200,5,4,4,0,0,0,0,1,0,1,4,4,2,8,10,36,9.0,9.0,"[8, 8, 10, 10]",0,4,4,0,4,18.28675,22.899,73.147,70,108,414,82.8,72,424,31,187,108,110,890.0,8598.0,31494.0
90,even_automorphism,FAMILIA #25,25,even_pairs2_H1_3000_H2_80000_topRef100_goodX26_rN7_rD7_maxR3000_maxFam20000_q-5to4_A1over3to10sq_nA22_B1-15to15_nB67_workers12,,,"(-2, -6/5, 6/5, 2)","{'u': 0, 'w': -4}",-4,x^4 - 136/25*x^2 + 144/25,16,5,4,4,0,0,0,0,1,0,1,4,4,2,8,10,36,9.0,9.0,"[8, 8, 10, 10]",0,4,4,0,4,25.94925,35.039,103.797,64,98,366,73.2,66,376,28,163,98,100,211975.0,1529395.0,3311400.0
91,even_automorphism,FAMILIA #26,26,even_pairs2_H1_3000_H2_80000_topRef100_goodX26_rN4_rD4_maxR300_maxFam2000_q-3to3_A11over5to10sq_nA35_B1-15to15_nB67_workers11,,,"(-3, -2, 2, 3)","{'u': -1, 'w': -3}",-x^2 - 3,x^4 - 13*x^2 + 36,19*x^2 - 27,5,4,4,0,0,0,0,1,0,1,4,4,2,8,10,36,9.0,9.0,"[8, 8, 10, 10]",0,4,4,0,4,17.477,20.48,69.908,64,78,352,70.4,66,362,28,156,78,80,225.0,9460.8,35721.0
92,even_automorphism,FAMILIA #31,31,even_pairs2_H1_3000_H2_80000_topRef100_goodX26_rN7_rD7_maxR3000_maxFam20000_q-5to4_A1over3to10sq_nA22_B1-15to15_nB67_workers12,,,"(-3, -2, 2, 3)","{'u': -1, 'w': -3}",-x^2 - 3,x^4 - 13*x^2 + 36,19*x^2 - 27,5,4,4,0,0,0,0,1,0,1,4,4,2,8,10,36,9.0,9.0,"[8, 8, 10, 10]",0,4,4,0,4,17.477,20.48,69.908,64,78,352,70.4,66,362,28,156,78,80,225.0,9460.8,35721.0
93,even_automorphism,FAMILIA #50,50,even_pairs2_H1_3000_H2_80000_topRef100_goodX26_rN7_rD7_maxR3000_maxFam20000_q-5to4_A1over3to10sq_nA22_B1-15to15_nB67_workers12,,,"(-2, -2/7, 2/7, 2)","{'u': -3, 'w': 4}",-3*x^2 + 4,x^4 - 200/49*x^2 + 16/49,624/49*x^2 + 640/49,5,4,4,0,0,0,0,1,0,1,4,4,2,8,10,36,9.0,9.0,"[8, 8, 10, 10]",0,4,4,0,4,22.15425,24.46,88.617,62,80,346,69.2,64,356,27,153,80,82,72912.0,3255128.8,8855280.0
94,even_automorphism,FAMILIA #19,19,even_pairs2_H1_3000_H2_80000_topRef100_goodX26_rN4_rD4_maxR300_maxFam2000_q-3to3_A11to10sq_B1-15to15_workers11,,,"(-4/3, -2/3, 2/3, 4/3)","{'u': -2, 'w': -1}",-2*x^2 - 1,x^4 - 20/9*x^2 + 64/81,116/9*x^2 - 175/81,5,4,4,0,0,0,0,1,0,1,4,4,2,8,10,36,9.0,9.0,"[8, 8, 10, 10]",0,4,4,0,4,24.0345,28.28,96.138,38,72,302,60.4,40,312,15,131,72,74,176.0,815186.8,1458000.0
95,even_automorphism,FAMILIA #47,47,even_pairs2_H1_3000_H2_80000_topRef100_goodX26_rN4_rD4_maxR300_maxFam2000_q-3to3_A11over5to10sq_nA35_B1-15to15_nB67_workers11,,,"(-4/3, -1/3, 1/3, 4/3)","{'u': -2, 'w': 1}",-2*x^2 + 1,x^4 - 17/9*x^2 + 16/81,32/9*x^2 + 17/81,5,4,4,0,0,0,0,1,0,1,4,4,1,8,11,37,9.25,9.0,"[8, 9, 9, 11]",0,4,4,0,4,31.7195,48.899,126.878,60,76,360,72.0,62,370,26,160,76,78,1082565.0,161020499.4,374086350.0
96,even_automorphism,FAMILIA #37,37,even_pairs2_H1_3000_H2_80000_topRef100_goodX26_rN7_rD7_maxR3000_maxFam20000_q-5to4_A1over3to10sq_nA22_B1-15to15_nB67_workers12,,,"(-3/5, -2/5, 2/5, 3/5)","{'u': -4, 'w': 1}",-4*x^2 + 1,x^4 - 13/25*x^2 + 36/625,8/25*x^2 + 49/625,5,5,4,0,0,0,1,0,0,1,4,4,1,8,10,36,9.0,9.0,"[8, 9, 9, 10]",0,4,4,0,5,29.5154,38.429,147.577,64,80,344,68.8,66,354,28,152,80,82,3515625.0,65546875.0,172265625.0
97,even_automorphism,FAMILIA #2,2,even_pairs2_H1_3000_H2_80000_topRef100_goodX26_rN4_rD4_maxR300_maxFam2000_q-3to3_A11to10sq_B1-15to15_workers11,,,"(-4/3, -1, 1, 4/3)","{'u': -2, 'w': -1}",-2*x^2 - 1,x^4 - 25/9*x^2 + 16/9,136/9*x^2 - 55/9,5,5,4,0,0,0,1,0,0,1,4,4,1,8,10,36,9.0,9.0,"[8, 9, 9, 10]",0,4,4,0,5,18.1716,22.949,90.858,56,80,320,64.0,58,330,24,140,80,82,1620.0,7248.6,18711.0
98,even_automorphism,FAMILIA #25,25,even_pairs2_H1_3000_H2_80000_topRef100_goodX26_rN4_rD4_maxR300_maxFam2000_q-3to3_A11over5to10sq_nA35_B1-15to15_nB67_workers11,,,"(-4/3, -1/3, 1/3, 4/3)","{'u': -2, 'w': -2}",-2*x^2 - 2,x^4 - 17/9*x^2 + 16/81,140/9*x^2 + 260/81,5,4,4,0,0,0,0,1,0,1,4,4,1,8,11,36,9.0,8.5,"[8, 8, 9, 11]",0,4,4,0,4,26.147000000000002,31.76,104.58800000000001,64,78,352,70.4,66,362,28,156,78,80,969408.0,26511672.6,89648775.0
99,even_automorphism,FAMILIA #37,37,even_pairs2_H1_3000_H2_80000_topRef100_goodX26_rN4_rD4_maxR300_maxFam2000_q-3to3_A11to10sq_B1-15to15_workers11,,,"(-4, -1/4, 1/4, 4)","{'u': -3, 'w': 3}",-3*x^2 + 3,x^4 - 257/16*x^2 + 1,2025/16*x^2,5,4,4,0,0,0,0,1,0,1,4,4,1,8,10,36,9.0,9.0,"[8, 9, 9, 10]",0,4,4,0,4,21.573999999999998,29.399,86.29599999999999,40,66,278,55.6,42,288,16,119,66,68,1832.0,30702.4,69392.0
100,even_automorphism,FAMILIA #27,27,even_pairs2_H1_3000_H2_80000_topRef100_goodX26_rN4_rD4_maxR300_maxFam2000_q-3to3_A11over5to10sq_nA35_B1-15to15_nB67_workers11,,,"(-2, -1, 1, 2)","{'u': -1, 'w': -3}",-x^2 - 3,x^4 - 5*x^2 + 4,11*x^2 + 5,5,5,4,0,0,0,1,0,0,1,4,4,1,8,10,35,8.75,8.5,"[8, 8, 9, 10]",0,4,4,0,5,15.7578,22.16,78.789,64,72,344,68.8,66,354,28,152,72,74,178.0,11758.6,41280.0
101,even_automorphism,FAMILIA #37,37,even_pairs2_H1_3000_H2_80000_topRef100_goodX26_rN4_rD4_maxR300_maxFam2000_q-3to3_A11over5to10sq_nA35_B1-15to15_nB67_workers11,,,"(-2/3, -1/3, 1/3, 2/3)","{'u': -2, 'w': 1}",-2*x^2 + 1,x^4 - 5/9*x^2 + 4/81,-16/9*x^2 + 65/81,5,5,4,0,0,0,1,0,0,1,4,4,1,8,11,35,8.75,8.0,"[8, 8, 8, 11]",0,4,4,0,5,20.6516,36.039,103.258,62,80,344,68.8,64,354,27,152,80,82,59778.0,392202.0,1193373.0
102,even_automorphism,FAMILIA #42,42,even_pairs2_H1_3000_H2_80000_topRef100_goodX26_rN7_rD7_maxR3000_maxFam20000_q-5to4_A1over3to10sq_nA22_B1-15to15_nB67_workers12,,,"(-4, -2, 2, 4)","{'u': -3, 'w': -4}",-3*x^2 - 4,x^4 - 20*x^2 + 64,204*x^2 - 560,5,4,4,0,0,0,0,1,0,1,4,4,1,8,10,35,8.75,8.5,"[8, 8, 9, 10]",2,2,2,0,4,15.477,22.75,61.908,62,80,360,72.0,64,370,27,160,80,82,2304.0,38558.4,92016.0
103,even_automorphism,FAMILIA #48,48,even_pairs2_H1_3000_H2_80000_topRef100_goodX26_rN7_rD7_maxR3000_maxFam20000_q-5to4_A1over3to10sq_nA22_B1-15to15_nB67_workers12,,,"(-1, -4/5, 4/5, 1)","{'u': 0, 'w': -3}",-3,x^4 - 41/25*x^2 + 16/25,9,5,4,4,0,0,0,0,1,0,1,4,4,1,8,11,35,8.75,8.0,"[8, 8, 8, 11]",0,4,4,0,4,22.92425,28.839,91.697,62,76,350,70.0,64,360,27,155,76,78,17500.0,464655.0,1252350.0
104,even_automorphism,FAMILIA #42,42,even_pairs2_H1_3000_H2_80000_topRef100_goodX26_rN4_rD4_maxR300_maxFam2000_q-3to3_A11over5to10sq_nA35_B1-15to15_nB67_workers11,,,"(-4/3, -1, 1, 4/3)","{'u': -1, 'w': 2}",-x^2 + 2,x^4 - 25/9*x^2 + 16/9,-11/9*x^2 + 20/9,5,4,4,0,0,0,0,1,0,1,4,4,1,8,10,35,8.75,8.5,"[8, 8, 9, 10]",0,4,4,0,4,16.53725,19.089,66.149,62,72,338,67.6,64,348,27,149,72,74,224.0,60919.0,291456.0
105,even_automorphism,FAMILIA #46,46,even_pairs2_H1_3000_H2_80000_topRef100_goodX26_rN4_rD4_maxR300_maxFam2000_q-3to3_A11over5to10sq_nA35_B1-15to15_nB67_workers11,,,"(-3, -2, 2, 3)","{'u': -1, 'w': -1}",-x^2 - 1,x^4 - 13*x^2 + 36,15*x^2 - 35,5,4,4,0,0,0,0,1,0,1,4,4,1,8,10,35,8.75,8.5,"[8, 8, 9, 10]",0,4,4,0,4,19.0595,27.429,76.238,60,114,362,72.4,62,372,26,161,114,116,178.0,45077.0,101632.0
106,even_automorphism,FAMILIA #40,40,even_pairs2_H1_3000_H2_80000_topRef100_goodX26_rN4_rD4_maxR300_maxFam2000_q-3to3_A11to10sq_B1-15to15_workers11,,,"(-3, -3/2, 3/2, 3)","{'u': -1, 'w': 0}",-x^2,x^4 - 45/4*x^2 + 81/4,45/4*x^2 - 81/4,5,4,4,0,0,0,0,1,0,1,4,4,1,8,10,35,8.75,8.5,"[8, 8, 9, 10]",0,4,4,0,4,16.7795,21.25,67.118,48,64,278,55.6,50,288,20,119,64,66,810.0,5986.8,20556.0
107,even_automorphism,FAMILIA #32,32,even_pairs2_H1_3000_H2_80000_topRef100_goodX26_rN4_rD4_maxR300_maxFam2000_q-3to3_A11to10sq_B1-15to15_workers11,,,"(-3/2, -2/3, 2/3, 3/2)","{'u': -2, 'w': -3}",-2*x^2 - 3,x^4 - 97/36*x^2 + 1,205/9*x^2 + 5,5,4,4,0,0,0,0,1,0,1,4,4,1,8,10,35,8.75,8.5,"[8, 8, 9, 10]",0,4,4,0,4,18.63175,21.899,74.527,46,62,278,55.6,48,288,19,119,62,64,20736.0,90144.0,172404.0
108,even_automorphism,FAMILIA #33,33,even_pairs2_H1_3000_H2_80000_topRef100_goodX26_rN4_rD4_maxR300_maxFam2000_q-3to3_A11over5to10sq_nA35_B1-15to15_nB67_workers11,,,"(-4/3, -2/3, 2/3, 4/3)","{'u': -1, 'w': 2}",-x^2 + 2,x^4 - 20/9*x^2 + 64/81,-16/9*x^2 + 260/81,5,5,4,0,0,0,1,0,0,1,4,4,1,8,10,34,8.5,8.0,"[8, 8, 8, 10]",0,4,4,0,5,18.9332,27.219,94.666,62,78,350,70.0,64,360,27,155,78,80,178200.0,11613747.6,54494208.0
109,even_automorphism,FAMILIA #9,9,even_pairs2_H1_3000_H2_80000_topRef100_goodX26_rN4_rD4_maxR300_maxFam2000_q-3to3_A11to10sq_B1-15to15_workers11,,,"(-3, -2, 2, 3)","{'u': -1, 'w': -3}",-x^2 - 3,x^4 - 13*x^2 + 36,19*x^2 - 27,5,5,4,0,0,0,1,0,0,1,4,4,1,8,10,34,8.5,8.0,"[8, 8, 8, 10]",0,4,4,0,5,13.9532,18.559,69.766,54,78,326,65.2,56,336,23,143,78,80,225.0,1392.2,3450.0
110,even_automorphism,FAMILIA #46,46,even_pairs2_H1_3000_H2_80000_topRef100_goodX26_rN4_rD4_maxR300_maxFam2000_q-3to3_A11to10sq_B1-15to15_workers11,,,"(-1, -1/2, 1/2, 1)","{'u': -1, 'w': -3}",-x^2 - 3,x^4 - 5/4*x^2 + 1/4,29/4*x^2 + 35/4,5,5,4,0,0,0,1,0,0,1,4,4,1,8,10,34,8.5,8.0,"[8, 8, 8, 10]",0,4,4,0,5,18.4314,30.329,92.157,44,86,304,60.8,46,314,18,132,86,88,180.0,510.4,1776.0
111,even_automorphism,FAMILIA #6,6,even_pairs2_H1_3000_H2_80000_topRef100_goodX26_rN4_rD4_maxR300_maxFam2000_q-3to3_A11to10sq_B1-15to15_workers11,,,"(-4/3, -1, 1, 4/3)","{'u': -1, 'w': 2}",-x^2 + 2,x^4 - 25/9*x^2 + 16/9,-11/9*x^2 + 20/9,5,4,4,0,0,0,0,1,0,1,4,4,0,8,9,34,8.5,8.5,"[8, 8, 9, 9]",0,4,4,0,4,22.86725,44.409,91.469,52,72,318,63.6,54,328,22,139,72,74,224.0,2836.6,8181.0
112,even_automorphism,FAMILIA #40,40,even_pairs2_H1_3000_H2_80000_topRef100_goodX26_rN4_rD4_maxR300_maxFam2000_q-3to3_A11over5to10sq_nA35_B1-15to15_nB67_workers11,,,"(-3/2, -1, 1, 3/2)","{'u': -1, 'w': 2}",-x^2 + 2,x^4 - 13/4*x^2 + 9/4,-3/4*x^2 + 7/4,5,5,4,0,0,0,1,0,0,1,4,4,0,8,9,33,8.25,8.0,"[8, 8, 8, 9]",0,4,4,0,5,15.965399999999999,23.179,79.827,62,80,338,67.6,64,348,27,149,80,82,504.0,350905.6,1230900.0
113,even_automorphism,FAMILIA #23,23,even_pairs2_H1_3000_H2_80000_topRef100_goodX26_rN4_rD4_maxR300_maxFam2000_q-3to3_A11to10sq_B1-15to15_workers11,,,"(-2, -1/2, 1/2, 2)","{'u': -3, 'w': -3}",-3*x^2 - 3,x^4 - 17/4*x^2 + 1,225/4*x^2,5,5,4,0,0,0,1,0,0,1,4,4,0,8,8,32,8.0,8.0,"[8, 8, 8, 8]",0,4,4,0,5,18.053,28.829,90.265,54,68,294,58.8,56,304,23,127,68,70,1636.0,2069.6,2640.0
114,even_automorphism,FAMILIA #24,24,even_pairs2_H1_3000_H2_80000_topRef100_goodX26_rN4_rD4_maxR300_maxFam2000_q-3to3_A11to10sq_B1-15to15_workers11,,,"(-3/2, -1, 1, 3/2)","{'u': -2, 'w': -3}",-2*x^2 - 3,x^4 - 13/4*x^2 + 9/4,25*x^2,5,5,4,0,0,0,1,0,0,1,4,4,0,8,8,32,8.0,8.0,"[8, 8, 8, 8]",0,4,4,0,5,18.3338,24.53,91.669,52,102,326,65.2,54,336,22,143,102,104,152.0,2422.4,5216.0
115,even_automorphism,FAMILIA #10,10,even_pairs2_H1_3000_H2_80000_topRef100_goodX26_rN4_rD4_maxR300_maxFam2000_q-3to3_A11to10sq_B1-15to15_workers11,,,"(-2, -3/2, 3/2, 2)","{'u': 0, 'w': -1}",-1,x^4 - 25/4*x^2 + 9,1,5,4,4,0,0,0,0,1,0,1,4,3,2,7,10,36,9.0,9.5,"[7, 9, 10, 10]",0,4,4,0,4,16.09925,17.859,64.397,52,72,308,61.6,54,318,22,134,72,74,626.0,4590.8,10664.0
116,even_automorphism,FAMILIA #22,22,even_pairs2_H1_3000_H2_80000_topRef100_goodX26_rN4_rD4_maxR300_maxFam2000_q-3to3_A11to10sq_B1-15to15_workers11,,,"(-4/3, -3/4, 3/4, 4/3)","{'u': -3, 'w': 3}",-3*x^2 + 3,x^4 - 337/144*x^2 + 1,49/16*x^2,5,4,4,0,0,0,0,1,0,1,4,3,1,7,11,35,8.75,8.5,"[7, 8, 9, 11]",0,4,4,0,4,19.144750000000002,25.16,76.57900000000001,32,82,290,58.0,34,300,12,125,82,84,10836.0,241812.0,519696.0
117,even_automorphism,FAMILIA #45,45,even_pairs2_H1_3000_H2_80000_topRef100_goodX26_rN7_rD7_maxR3000_maxFam20000_q-5to4_A1over3to10sq_nA22_B1-15to15_nB67_workers12,,,"(-3/2, -1/2, 1/2, 3/2)","{'u': -1, 'w': -5}",-x^2 - 5,x^4 - 5/2*x^2 + 9/16,25/2*x^2 + 391/16,5,4,4,0,0,0,0,1,0,1,4,3,1,7,11,34,8.5,8.0,"[7, 8, 8, 11]",0,4,4,0,4,25.607,39.609,102.428,62,84,356,71.2,64,366,27,158,84,86,12944.0,298102.4,1006080.0
118,even_automorphism,FAMILIA #34,34,even_pairs2_H1_3000_H2_80000_topRef100_goodX26_rN4_rD4_maxR300_maxFam2000_q-3to3_A11to10sq_B1-15to15_workers11,,,"(-4, -2, 2, 4)","{'u': -2, 'w': 2}",-2*x^2 + 2,x^4 - 20*x^2 + 64,72*x^2 - 252,5,4,4,0,0,0,0,1,0,1,4,3,2,6,11,36,9.0,9.5,"[6, 8, 11, 11]",0,4,4,0,4,17.82725,21.67,71.309,44,80,292,58.4,46,302,18,126,80,82,936.0,3717.6,6692.0
119,even_automorphism,FAMILIA #21,21,even_pairs2_H1_3000_H2_80000_topRef100_goodX26_rN4_rD4_maxR300_maxFam2000_q-3to3_A11to10sq_B1-15to15_workers11,,,"(-3, -2, 2, 3)","{'u': 0, 'w': -3}",-3,x^4 - 13*x^2 + 36,9,5,4,4,0,0,0,0,1,0,1,4,3,0,6,9,31,7.75,8.0,"[6, 8, 8, 9]",1,3,3,0,4,13.21725,16.53,52.869,36,76,282,56.4,38,292,14,121,76,78,157.0,1166.6,2877.0
120,even_automorphism,FAMILIA #1,1,even_pairs2_H1_3000_H2_80000_topRef100_goodX26_rN7_rD7_maxR3000_maxFam20000_q-5to4_A1over3to10sq_nA22_B1-15to15_nB67_workers12,,,"(-6/5, -1/5, 1/5, 6/5)","{'u': -4, 'w': 3}",-4*x^2 + 3,x^4 - 37/25*x^2 + 36/625,-8/25*x^2 + 5049/625,5,3,3,0,0,0,0,2,0,2,3,3,3,10,13,35,11.666666666666666,12,"[10, 12, 13]",0,3,3,0,3,45.413000000000004,48.31,136.239,72,84,380,76.0,74,390,32,170,84,86,10812500.0,513276750.0,1282312500.0
121,even_automorphism,FAMILIA #14,14,even_pairs2_H1_4000_H2_150000_topRef25_goodX30_rN12_rD12_maxR5000_maxFam40000_q-10to10_A11over3to12sq_nA26_B1-18to18_nB79_workers8,,,"(-6/5, -1, 1, 6/5)","{'u': -1, 'w': 3/2}",-x^2 + 3/2,x^4 - 61/25*x^2 + 36/25,-14/25*x^2 + 81/100,5,4,3,0,0,0,1,1,0,2,3,3,3,10,13,34,11.333333333333334,11,"[10, 11, 13]",0,3,3,0,4,25.38925,33.609,101.557,68,82,384,76.8,70,394,30,172,82,84,24500.0,4781440.0,14158800.0
122,even_automorphism,FAMILIA #15,15,even_pairs2_H1_4000_H2_150000_topRef25_goodX26_rN7_rD7_maxR3000_maxFam20000_q-5to4_A11over3to12sq_nA26_B1-18to18_nB79_workers8,,,"(-4, -3, 3, 4)","{'u': 0, 'w': -5}",-5,x^4 - 25*x^2 + 144,25,5,3,3,0,0,0,0,2,0,2,3,3,3,10,12,34,11.333333333333334,12,"[10, 12, 12]",0,3,3,0,3,23.96966666666667,26.949,71.909,66,106,418,83.6,68,428,29,189,106,108,1146.0,111063.8,395776.0
123,even_automorphism,FAMILIA #10,10,even_pairs2_H1_4000_H2_150000_topRef25_goodX30_rN12_rD12_maxR5000_maxFam40000_q-10to10_A11over3to12sq_nA26_B1-18to18_nB79_workers8,,,"(-3/2, -2/3, 2/3, 3/2)","{'u': -3/2, 'w': -3/2}",-3/2*x^2 - 3/2,x^4 - 97/36*x^2 + 1,169/16*x^2,5,4,3,0,0,0,1,1,0,2,3,3,3,10,12,32,10.666666666666666,10,"[10, 10, 12]",0,3,3,0,4,20.67175,28.129,82.687,70,104,438,87.6,72,448,31,199,104,106,11216.0,1225638.4,4296960.0
124,even_automorphism,FAMILIA #20,20,even_pairs2_H1_4000_H2_150000_topRef25_goodX26_rN7_rD7_maxR3000_maxFam20000_q-5to4_A11over3to12sq_nA26_B1-18to18_nB79_workers8,,,"(-5/3, -1/3, 1/3, 5/3)","{'u': -5, 'w': -2}",-5*x^2 - 2,x^4 - 26/9*x^2 + 25/81,830/9*x^2 - 301/81,5,4,3,0,0,0,1,1,0,2,3,3,3,10,11,31,10.333333333333334,10,"[10, 10, 11]",0,3,3,0,4,26.52975,32.64,106.119,52,102,378,75.6,54,388,22,169,102,104,2201580.0,13170114.0,24406920.0
125,even_automorphism,FAMILIA #7,7,even_pairs2_H1_4000_H2_150000_topRef25_goodX30_rN12_rD12_maxR5000_maxFam40000_q-10to10_A11over3to12sq_nA26_B1-18to18_nB79_workers8,,,"(-2, -1/2, 1/2, 2)","{'u': -3/2, 'w': -3/2}",-3/2*x^2 - 3/2,x^4 - 17/4*x^2 + 1,225/16*x^2,5,3,3,0,0,0,0,2,0,2,3,3,3,10,10,30,10.0,10,"[10, 10, 10]",0,3,3,0,3,28.373,33.84,85.119,74,108,420,84.0,76,430,33,190,108,110,12304.0,38112.0,87872.0
126,even_automorphism,FAMILIA #30,30,even_pairs2_H1_3000_H2_80000_topRef100_goodX26_rN7_rD7_maxR3000_maxFam20000_q-5to4_A1over3to10sq_nA22_B1-15to15_nB67_workers12,,,"(-1, -6/7, 6/7, 1)","{'u': -1, 'w': 2}",-x^2 + 2,x^4 - 85/49*x^2 + 36/49,-111/49*x^2 + 160/49,5,3,3,0,0,0,0,2,0,2,3,3,3,10,10,30,10.0,10,"[10, 10, 10]",0,3,3,0,3,22.532666666666668,23.55,67.598,64,84,352,70.4,66,362,28,156,84,86,26264.0,268333.8,606963.0
127,even_automorphism,FAMILIA #14,14,even_pairs2_H1_4000_H2_150000_topRef25_goodX26_rN7_rD7_maxR3000_maxFam20000_q-5to4_A11over3to12sq_nA26_B1-18to18_nB79_workers8,,,"(-6, -3/2, 3/2, 6)","{'u': -2, 'w': -3}",-2*x^2 - 3,x^4 - 153/4*x^2 + 81,165*x^2 - 315,5,5,3,0,0,0,2,0,0,2,3,3,2,9,12,33,11.0,12,"[9, 12, 12]",0,3,3,0,5,20.5116,32.859,102.558,62,118,422,84.4,64,432,27,191,118,120,180084.0,732886.8,1667952.0
128,even_automorphism,FAMILIA #18,18,even_pairs2_H1_4000_H2_150000_topRef25_goodX30_rN12_rD12_maxR5000_maxFam40000_q-10to10_A11over3to12sq_nA26_B1-18to18_nB79_workers8,,,"(-6, -3/2, 3/2, 6)","{'u': -2, 'w': -3}",-2*x^2 - 3,x^4 - 153/4*x^2 + 81,165*x^2 - 315,5,5,3,0,0,0,2,0,0,2,3,3,2,9,12,33,11.0,12,"[9, 12, 12]",0,3,3,0,5,20.5116,32.859,102.558,62,118,422,84.4,64,432,27,191,118,120,180084.0,732886.8,1667952.0
129,even_automorphism,FAMILIA #20,20,even_pairs2_H1_3000_H2_80000_topRef100_goodX26_rN4_rD4_maxR300_maxFam2000_q-3to3_A11over5to10sq_nA35_B1-15to15_nB67_workers11,,,"(-4/3, -1, 1, 4/3)","{'u': 0, 'w': -1}",-1,x^4 - 25/9*x^2 + 16/9,1,5,3,3,0,0,0,0,2,0,2,3,3,2,9,13,33,11.0,11,"[9, 11, 13]",0,3,3,0,3,28.38966666666667,38.27,85.16900000000001,64,84,366,73.2,66,376,28,163,84,86,1326.0,358306.8,1462500.0
130,even_automorphism,FAMILIA #18,18,even_pairs2_H1_4000_H2_150000_topRef25_goodX26_rN7_rD7_maxR3000_maxFam20000_q-5to4_A11over3to12sq_nA26_B1-18to18_nB79_workers8,,,"(-3/4, -1/4, 1/4, 3/4)","{'u': -5, 'w': 1}",-5*x^2 + 1,x^4 - 5/8*x^2 + 9/256,45/8*x^2 + 31/256,5,4,3,0,0,0,1,1,0,2,3,3,2,9,13,32,10.666666666666666,10,"[9, 10, 13]",0,3,3,0,4,29.80225,44.56,119.209,60,104,404,80.8,62,414,26,182,104,106,1638400.0,29537075.2,99680256.0
131,even_automorphism,FAMILIA #5,5,even_pairs2_H1_4000_H2_150000_topRef25_goodX26_rN7_rD7_maxR3000_maxFam20000_q-5to4_A11over3to12sq_nA26_B1-18to18_nB79_workers8,,,"(-4, -1/2, 1/2, 4)","{'u': -4, 'w': -5}",-4*x^2 - 5,x^4 - 65/4*x^2 + 4,300*x^2 - 39,5,4,3,0,0,0,1,1,0,2,3,3,2,9,11,31,10.333333333333334,11,"[9, 11, 11]",0,3,3,0,4,17.62,27.46,70.48,64,96,424,84.8,66,434,28,192,96,98,641.0,63325.2,122624.0
132,even_automorphism,FAMILIA #19,19,even_pairs2_H1_4000_H2_150000_topRef25_goodX26_rN7_rD7_maxR3000_maxFam20000_q-5to4_A11over3to12sq_nA26_B1-18to18_nB79_workers8,,,"(-4/3, -1, 1, 4/3)","{'u': -2, 'w': -5}",-2*x^2 - 5,x^4 - 25/9*x^2 + 16/9,280/9*x^2 + 161/9,5,4,3,0,0,0,1,1,0,2,3,3,2,9,11,31,10.333333333333334,11,"[9, 11, 11]",0,3,3,0,4,29.146500000000003,40.859,116.58600000000001,60,90,384,76.8,62,394,26,172,90,92,5796.0,30024.0,71676.0
133,even_automorphism,FAMILIA #48,48,even_pairs2_H1_3000_H2_80000_topRef100_goodX26_rN4_rD4_maxR300_maxFam2000_q-3to3_A11over5to10sq_nA35_B1-15to15_nB67_workers11,,,"(-1, -3/4, 3/4, 1)","{'u': 0, 'w': -3}",-3,x^4 - 25/16*x^2 + 9/16,9,5,5,3,0,0,0,2,0,0,2,3,3,2,9,11,30,10.0,10,"[9, 10, 11]",0,3,3,0,5,26.3496,54.789,131.748,60,82,356,71.2,62,366,26,158,82,84,21392.0,194545.6,484704.0
134,even_automorphism,FAMILIA #2,2,even_pairs2_H1_4000_H2_150000_topRef25_goodX26_rN7_rD7_maxR3000_maxFam20000_q-5to4_A11over3to12sq_nA26_B1-18to18_nB79_workers8,,,"(-2, -1/5, 1/5, 2)","{'u': -3, 'w': 0}",-3*x^2,x^4 - 101/25*x^2 + 4/25,909/25*x^2 - 36/25,5,4,3,0,0,0,1,1,0,2,3,3,2,9,11,30,10.0,10,"[9, 10, 11]",0,3,3,0,4,22.68475,26.51,90.739,76,88,420,84.0,78,430,34,190,88,90,28175.0,612390.0,1898325.0
135,even_automorphism,FAMILIA #3,3,even_pairs2_H1_4000_H2_150000_topRef25_goodX26_rN7_rD7_maxR3000_maxFam20000_q-5to4_A11over3to12sq_nA26_B1-18to18_nB79_workers8,,,"(-4, -2/5, 2/5, 4)","{'u': -3, 'w': 0}",-3*x^2,x^4 - 404/25*x^2 + 64/25,3636/25*x^2 - 576/25,5,4,3,0,0,0,1,1,0,2,3,3,2,9,11,30,10.0,10,"[9, 10, 11]",0,3,3,0,4,23.62475,28.079,94.499,76,88,420,84.0,78,430,34,190,88,90,112700.0,13342160.0,33196800.0
136,even_automorphism,FAMILIA #17,17,even_pairs2_H1_4000_H2_150000_topRef25_goodX26_rN7_rD7_maxR3000_maxFam20000_q-5to4_A11over3to12sq_nA26_B1-18to18_nB79_workers8,,,"(-1, -1/2, 1/2, 1)","{'u': 3, 'w': -5}",3*x^2 - 5,x^4 - 5/4*x^2 + 1/4,-75/4*x^2 + 91/4,5,4,3,0,0,0,1,1,0,2,3,3,2,9,11,30,10.0,10,"[9, 10, 11]",0,3,3,0,4,22.464750000000002,29.359,89.85900000000001,64,92,396,79.2,66,406,28,178,92,94,834.0,2480.4,3396.0
137,even_automorphism,FAMILIA #5,5,even_pairs2_H1_3000_H2_80000_topRef100_goodX26_rN4_rD4_maxR300_maxFam2000_q-3to3_A11over5to10sq_nA35_B1-15to15_nB67_workers11,,,"(-3/2, -1/4, 1/4, 3/2)","{'u': -3, 'w': -2}",-3*x^2 - 2,x^4 - 37/16*x^2 + 9/64,525/16*x^2 + 175/64,5,4,3,0,0,0,1,1,0,2,3,3,2,9,10,29,9.666666666666666,10,"[9, 10, 10]",0,3,3,0,4,19.21675,26.839,76.867,68,82,374,74.8,70,384,30,167,82,84,1015872.0,85251494.4,404972544.0
138,even_automorphism,FAMILIA #11,11,even_pairs2_H1_3000_H2_80000_topRef100_goodX26_rN4_rD4_maxR300_maxFam2000_q-3to3_A11over5to10sq_nA35_B1-15to15_nB67_workers11,,,"(-3, -1/2, 1/2, 3)","{'u': -1, 'w': 2}",-x^2 + 2,x^4 - 37/4*x^2 + 9/4,21/4*x^2 + 7/4,5,4,3,0,0,0,1,1,0,2,3,3,2,9,10,29,9.666666666666666,10,"[9, 10, 10]",0,3,3,0,4,27.667,47.619,110.668,66,86,380,76.0,68,390,29,170,86,88,16848.0,295749.2,1157100.0
139,even_automorphism,FAMILIA #1,1,even_pairs2_H1_3000_H2_80000_topRef100_goodX26_rN4_rD4_maxR300_maxFam2000_q-3to3_A11to10sq_B1-15to15_workers11,,,"(-2, -1, 1, 2)","{'u': 0, 'w': -1}",-1,x^4 - 5*x^2 + 4,1,5,4,3,0,0,0,1,1,0,2,3,3,2,9,10,29,9.666666666666666,10,"[9, 10, 10]",0,3,3,0,4,18.602,23.859,74.408,60,82,356,71.2,62,366,26,158,82,84,71.0,330.4,505.0
140,even_automorphism,FAMILIA #24,24,even_pairs2_H1_4000_H2_150000_topRef25_goodX26_rN7_rD7_maxR3000_maxFam20000_q-5to4_A11over3to12sq_nA26_B1-18to18_nB79_workers8,,,"(-3, -1/2, 1/2, 3)","{'u': -2, 'w': 4}",-2*x^2 + 4,x^4 - 37/4*x^2 + 9/4,21*x^2 + 7,5,3,3,0,0,0,0,2,0,2,3,3,2,9,10,29,9.666666666666666,10,"[9, 10, 10]",0,3,3,0,3,19.48966666666667,20.44,58.46900000000001,70,86,380,76.0,72,390,31,170,86,88,4212.0,37372.8,137088.0
141,even_automorphism,FAMILIA #28,28,even_pairs2_H1_3000_H2_80000_topRef100_goodX26_rN4_rD4_maxR300_maxFam2000_q-3to3_A11to10sq_B1-15to15_workers11,,,"(-4, -3, 3, 4)","{'u': -1, 'w': 2}",-x^2 + 2,x^4 - 25*x^2 + 144,21*x^2 - 140,5,4,3,0,0,0,1,1,0,2,3,3,1,9,11,29,9.666666666666666,9,"[9, 9, 11]",0,3,3,0,4,14.589,22.589,58.356,48,92,314,62.8,50,324,20,137,92,94,547.0,5503.0,9337.0
142,even_automorphism,FAMILIA #15,15,even_pairs2_H1_3000_H2_80000_topRef100_goodX26_rN7_rD7_maxR3000_maxFam20000_q-5to4_A1over3to10sq_nA22_B1-15to15_nB67_workers12,,,"(-2, -1/5, 1/5, 2)","{'u': 0, 'w': -3}",-3,x^4 - 101/25*x^2 + 4/25,9,5,3,3,0,0,0,0,2,0,2,3,3,1,9,10,28,9.333333333333334,9,"[9, 9, 10]",0,3,3,0,3,25.936000000000003,27.73,77.808,66,76,352,70.4,68,362,29,156,76,78,49150.0,1331030.0,2885850.0
143,even_automorphism,FAMILIA #24,24,even_pairs2_H1_3000_H2_80000_topRef100_goodX26_rN7_rD7_maxR3000_maxFam20000_q-5to4_A1over3to10sq_nA22_B1-15to15_nB67_workers12,,,"(-4, -3, 3, 4)","{'u': -1, 'w': 2}",-x^2 + 2,x^4 - 25*x^2 + 144,21*x^2 - 140,5,4,3,0,0,0,1,1,0,2,3,3,2,8,12,31,10.333333333333334,11,"[8, 11, 12]",0,3,3,0,4,17.569,25.219,70.276,64,92,370,74.0,66,380,28,165,92,94,1342.0,35131.4,104790.0
144,even_automorphism,FAMILIA #29,29,even_pairs2_H1_3000_H2_80000_topRef100_goodX26_rN4_rD4_maxR300_maxFam2000_q-3to3_A11over5to10sq_nA35_B1-15to15_nB67_workers11,,,"(-3, -2/3, 2/3, 3)","{'u': -1, 'w': 2}",-x^2 + 2,x^4 - 85/9*x^2 + 4,49/9*x^2,5,5,3,0,0,0,2,0,0,2,3,3,2,8,11,30,10.0,11,"[8, 11, 11]",0,3,3,0,5,25.0398,45.82,125.199,64,72,338,67.6,66,348,28,149,72,74,6120.0,144383.4,604341.0
145,even_automorphism,FAMILIA #39,39,even_pairs2_H1_3000_H2_80000_topRef100_goodX26_rN7_rD7_maxR3000_maxFam20000_q-5to4_A1over3to10sq_nA22_B1-15to15_nB67_workers12,,,"(-3, -2/3, 2/3, 3)","{'u': -1, 'w': 2}",-x^2 + 2,x^4 - 85/9*x^2 + 4,49/9*x^2,5,5,3,0,0,0,2,0,0,2,3,3,2,8,11,30,10.0,11,"[8, 11, 11]",0,3,3,0,5,25.0398,45.82,125.199,64,72,338,67.6,66,348,28,149,72,74,6120.0,144383.4,604341.0
146,even_automorphism,FAMILIA #5,5,even_pairs2_H1_4000_H2_150000_topRef25_goodX30_rN12_rD12_maxR5000_maxFam40000_q-10to10_A11over3to12sq_nA26_B1-18to18_nB79_workers8,,,"(-1/2, -2/5, 2/5, 1/2)","{'u': -2, 'w': -1/2}",-2*x^2 - 1/2,x^4 - 41/100*x^2 + 1/25,91/25*x^2 + 9/100,5,4,3,0,0,0,1,1,0,2,3,3,2,8,12,30,10.0,10,"[8, 10, 12]",0,3,3,0,4,25.5145,31.199,102.058,72,104,422,84.4,74,432,32,191,104,106,14400.0,2616400.0,9000000.0
147,even_automorphism,FAMILIA #23,23,even_pairs2_H1_4000_H2_150000_topRef25_goodX30_rN12_rD12_maxR5000_maxFam40000_q-10to10_A11over3to12sq_nA26_B1-18to18_nB79_workers8,,,"(-3/5, -2/5, 2/5, 3/5)","{'u': -1/3, 'w': -2/3}",-1/3*x^2 - 2/3,x^4 - 13/25*x^2 + 36/625,113/225*x^2 + 2464/5625,5,4,3,0,0,0,1,1,0,2,3,3,2,8,12,30,10.0,10,"[8, 10, 12]",0,3,3,0,4,25.81475,38.06,103.259,62,92,388,77.6,64,398,27,174,92,94,208125.0,7386960375.0,21389062500.0
148,even_automorphism,FAMILIA #36,36,even_pairs2_H1_3000_H2_80000_topRef100_goodX26_rN7_rD7_maxR3000_maxFam20000_q-5to4_A1over3to10sq_nA22_B1-15to15_nB67_workers12,,,"(-5/4, -1/4, 1/4, 5/4)","{'u': -4, 'w': 1}",-4*x^2 + 1,x^4 - 13/8*x^2 + 25/256,18*x^2 - 9/16,5,4,3,0,0,0,1,1,0,2,3,3,2,8,11,29,9.666666666666666,10,"[8, 10, 11]",0,3,3,0,4,24.78425,37.119,99.137,64,76,348,69.6,66,358,28,154,76,78,2138112.0,15421235.2,29328384.0
149,even_automorphism,FAMILIA #9,9,even_pairs2_H1_4000_H2_150000_topRef25_goodX26_rN7_rD7_maxR3000_maxFam20000_q-5to4_A11over3to12sq_nA26_B1-18to18_nB79_workers8,,,"(-5, -3, 3, 5)","{'u': 1, 'w': -5}",x^2 - 5,x^4 - 34*x^2 + 225,24*x^2 - 200,5,3,3,0,0,0,0,2,0,2,3,3,2,8,11,29,9.666666666666666,10,"[8, 10, 11]",0,3,3,0,3,19.136333333333333,23.25,57.409,72,108,426,85.2,74,436,32,193,108,110,1375.0,144745.6,705576.0
150,even_automorphism,FAMILIA #13,13,even_pairs2_H1_4000_H2_150000_topRef25_goodX26_rN7_rD7_maxR3000_maxFam20000_q-5to4_A11over3to12sq_nA26_B1-18to18_nB79_workers8,,,"(-2, -1, 1, 2)","{'u': -3, 'w': -1}",-3*x^2 - 1,x^4 - 5*x^2 + 4,51*x^2 - 35,5,4,3,0,0,0,1,1,0,2,3,3,2,8,10,28,9.333333333333334,10,"[8, 10, 10]",0,3,3,0,4,15.40975,21.21,61.639,68,84,386,77.2,70,396,30,173,84,86,34.0,26435.0,115380.0
151,even_automorphism,FAMILIA #13,13,even_pairs2_H1_4000_H2_150000_topRef25_goodX30_rN12_rD12_maxR5000_maxFam40000_q-10to10_A11over3to12sq_nA26_B1-18to18_nB79_workers8,,,"(-2, -1, 1, 2)","{'u': -3, 'w': -1}",-3*x^2 - 1,x^4 - 5*x^2 + 4,51*x^2 - 35,5,4,3,0,0,0,1,1,0,2,3,3,2,8,10,28,9.333333333333334,10,"[8, 10, 10]",0,3,3,0,4,15.40975,21.21,61.639,68,84,386,77.2,70,396,30,173,84,86,34.0,26435.0,115380.0
152,even_automorphism,FAMILIA #36,36,even_pairs2_H1_3000_H2_80000_topRef100_goodX26_rN4_rD4_maxR300_maxFam2000_q-3to3_A11over5to10sq_nA35_B1-15to15_nB67_workers11,,,"(-3/2, -1, 1, 3/2)","{'u': -1, 'w': -1}",-x^2 - 1,x^4 - 13/4*x^2 + 9/4,21/4*x^2 - 5/4,5,4,3,0,0,0,1,1,0,2,3,3,2,8,10,28,9.333333333333334,10,"[8, 10, 10]",0,3,3,0,4,17.37,19.16,69.48,62,88,344,68.8,64,354,27,152,88,90,372.0,46876.8,150900.0
153,even_automorphism,FAMILIA #16,16,even_pairs2_H1_3000_H2_80000_topRef100_goodX26_rN4_rD4_maxR300_maxFam2000_q-3to3_A11to10sq_B1-15to15_workers11,,,"(-3/4, -1/4, 1/4, 3/4)","{'u': -1, 'w': 3}",-x^2 + 3,x^4 - 5/8*x^2 + 9/256,-43/8*x^2 + 2295/256,5,4,3,0,0,0,1,1,0,2,3,3,2,8,10,28,9.333333333333334,10,"[8, 10, 10]",0,3,3,0,4,33.1595,53.859,132.638,44,64,276,55.2,46,286,18,118,64,66,409600.0,1200281.6,2359296.0
154,even_automorphism,FAMILIA #16,16,even_pairs2_H1_4000_H2_150000_topRef25_goodX30_rN12_rD12_maxR5000_maxFam40000_q-10to10_A11over3to12sq_nA26_B1-18to18_nB79_workers8,,,"(-5/3, -4/3, 4/3, 5/3)","{'u': -3/2, 'w': 2}",-3/2*x^2 + 2,x^4 - 41/9*x^2 + 400/81,17/4*x^2 - 64/9,5,3,3,0,0,0,0,2,0,2,3,3,2,8,10,28,9.333333333333334,10,"[8, 10, 10]",0,3,3,0,3,29.775666666666666,32.409,89.327,66,104,418,83.6,68,428,29,189,104,106,858924.0,60831907.2,166219776.0
155,even_automorphism,FAMILIA #17,17,even_pairs2_H1_3000_H2_80000_topRef100_goodX26_rN4_rD4_maxR300_maxFam2000_q-3to3_A11over5to10sq_nA35_B1-15to15_nB67_workers11,,,"(-2, -3/2, 3/2, 2)","{'u': 0, 'w': -1}",-1,x^4 - 25/4*x^2 + 9,1,5,3,3,0,0,0,0,2,0,2,3,3,2,8,10,28,9.333333333333334,10,"[8, 10, 10]",0,3,3,0,3,18.358999999999998,22.289,55.077,64,98,382,76.4,66,392,28,171,98,100,626.0,18166.8,34656.0
156,even_automorphism,FAMILIA #20,20,even_pairs2_H1_3000_H2_80000_topRef100_goodX26_rN7_rD7_maxR3000_maxFam20000_q-5to4_A1over3to10sq_nA22_B1-15to15_nB67_workers12,,,"(-2, -3/2, 3/2, 2)","{'u': 0, 'w': -1}",-1,x^4 - 25/4*x^2 + 9,1,5,3,3,0,0,0,0,2,0,2,3,3,2,8,10,28,9.333333333333334,10,"[8, 10, 10]",0,3,3,0,3,18.358999999999998,22.289,55.077,64,98,382,76.4,66,392,28,171,98,100,626.0,18166.8,34656.0
157,even_automorphism,FAMILIA #43,43,even_pairs2_H1_3000_H2_80000_topRef100_goodX26_rN7_rD7_maxR3000_maxFam20000_q-5to4_A1over3to10sq_nA22_B1-15to15_nB67_workers12,,,"(-1, -2/5, 2/5, 1)","{'u': -4, 'w': 2}",-4*x^2 + 2,x^4 - 29/25*x^2 + 4/25,64/25*x^2 + 36/25,5,5,3,0,0,0,2,0,0,2,3,3,1,8,11,27,9.0,8,"[8, 8, 11]",0,3,3,0,5,21.3654,32.329,106.827,62,88,358,71.6,64,368,27,159,88,90,15625.0,869330.0,2797650.0
158,even_automorphism,FAMILIA #49,49,even_pairs2_H1_3000_H2_80000_topRef100_goodX26_rN4_rD4_maxR300_maxFam2000_q-3to3_A11over5to10sq_nA35_B1-15to15_nB67_workers11,,,"(-3/2, -1, 1, 3/2)","{'u': -2, 'w': -3}",-2*x^2 - 3,x^4 - 13/4*x^2 + 9/4,25*x^2,5,5,3,0,0,0,2,0,0,2,3,3,1,8,10,27,9.0,9,"[8, 9, 10]",0,3,3,0,5,17.443800000000003,24.53,87.21900000000001,60,102,354,70.8,62,364,26,157,102,104,2080.0,81092.0,268864.0
159,even_automorphism,FAMILIA #49,49,even_pairs2_H1_3000_H2_80000_topRef100_goodX26_rN4_rD4_maxR300_maxFam2000_q-3to3_A11to10sq_B1-15to15_workers11,,,"(-4, -3/2, 3/2, 4)","{'u': -2, 'w': 2}",-2*x^2 + 2,x^4 - 73/4*x^2 + 36,65*x^2 - 140,5,4,3,0,0,0,1,1,0,2,3,3,1,8,11,27,9.0,8,"[8, 8, 11]",0,3,3,0,4,17.679750000000002,28.92,70.71900000000001,44,64,272,54.4,46,282,18,116,64,66,2369.0,16538.6,60100.0
160,even_automorphism,FAMILIA #38,38,even_pairs2_H1_3000_H2_80000_topRef100_goodX26_rN4_rD4_maxR300_maxFam2000_q-3to3_A11to10sq_B1-15to15_workers11,,,"(-2, -4/3, 4/3, 2)","{'u': -2, 'w': 3}",-2*x^2 + 3,x^4 - 52/9*x^2 + 64/9,100/9*x^2 - 175/9,5,3,3,0,0,0,0,2,0,2,3,3,1,8,11,27,9.0,8,"[8, 8, 11]",0,3,3,0,3,19.536666666666665,24.92,58.61,50,80,292,58.4,52,302,21,126,80,82,4761.0,26632.2,58500.0
161,even_automorphism,FAMILIA #17,17,even_pairs2_H1_3000_H2_80000_topRef100_goodX26_rN4_rD4_maxR300_maxFam2000_q-3to3_A11to10sq_B1-15to15_workers11,,,"(-4, -3, 3, 4)","{'u': -1, 'w': -2}",-x^2 - 2,x^4 - 25*x^2 + 144,29*x^2 - 140,5,3,3,0,0,0,0,2,0,2,3,3,1,8,10,27,9.0,9,"[8, 9, 10]",0,3,3,0,3,18.16,21.82,54.480000000000004,42,74,292,58.4,44,302,17,126,74,76,3404.0,5270.8,9020.0
162,even_automorphism,FAMILIA #13,13,even_pairs2_H1_3000_H2_80000_topRef100_goodX26_rN4_rD4_maxR300_maxFam2000_q-3to3_A11over5to10sq_nA35_B1-15to15_nB67_workers11,,,"(-3/4, -1/2, 1/2, 3/4)","{'u': -2, 'w': 1}",-2*x^2 + 1,x^4 - 13/16*x^2 + 9/64,-3/4*x^2 + 7/16,5,3,3,0,0,0,0,2,0,2,3,3,1,8,10,26,8.666666666666666,8,"[8, 8, 10]",0,3,3,0,3,18.392666666666667,24.01,55.178000000000004,66,82,368,73.6,68,378,29,164,82,84,10560.0,17243712.0,60441600.0
163,even_automorphism,FAMILIA #32,32,even_pairs2_H1_3000_H2_80000_topRef100_goodX26_rN4_rD4_maxR300_maxFam2000_q-3to3_A11over5to10sq_nA35_B1-15to15_nB67_workers11,,,"(-3, -2, 2, 3)","{'u': -2, 'w': 3}",-2*x^2 + 3,x^4 - 13*x^2 + 36,40*x^2 - 135,5,3,3,0,0,0,0,2,0,2,3,3,1,8,10,26,8.666666666666666,8,"[8, 8, 10]",0,3,3,0,3,19.553,23.32,58.659000000000006,62,88,350,70.0,64,360,27,155,88,90,875.0,10018.2,31428.0
164,even_automorphism,FAMILIA #47,47,even_pairs2_H1_3000_H2_80000_topRef100_goodX26_rN7_rD7_maxR3000_maxFam20000_q-5to4_A1over3to10sq_nA22_B1-15to15_nB67_workers12,,,"(-3, -2, 2, 3)","{'u': -2, 'w': 3}",-2*x^2 + 3,x^4 - 13*x^2 + 36,40*x^2 - 135,5,3,3,0,0,0,0,2,0,2,3,3,1,8,10,26,8.666666666666666,8,"[8, 8, 10]",0,3,3,0,3,19.553,23.32,58.659000000000006,62,88,350,70.0,64,360,27,155,88,90,875.0,10018.2,31428.0
165,even_automorphism,FAMILIA #7,7,even_pairs2_H1_4000_H2_150000_topRef25_goodX26_rN7_rD7_maxR3000_maxFam20000_q-5to4_A11over3to12sq_nA26_B1-18to18_nB79_workers8,,,"(-2, -6/5, 6/5, 2)","{'u': -1, 'w': -4}",-x^2 - 4,x^4 - 136/25*x^2 + 144/25,336/25*x^2 + 256/25,5,4,3,0,0,0,1,1,0,2,3,3,0,8,9,26,8.666666666666666,9,"[8, 9, 9]",0,3,3,0,4,22.9675,27.21,91.87,74,130,472,94.4,76,482,33,216,130,132,459600.0,3555200.0,8236800.0
166,even_automorphism,FAMILIA #12,12,even_pairs2_H1_3000_H2_80000_topRef100_goodX26_rN4_rD4_maxR300_maxFam2000_q-3to3_A11to10sq_B1-15to15_workers11,,,"(-2, -3/2, 3/2, 2)","{'u': -1, 'w': 1}",-x^2 + 1,x^4 - 25/4*x^2 + 9,17/4*x^2 - 8,5,4,3,0,0,0,1,1,0,2,3,3,0,8,9,26,8.666666666666666,9,"[8, 9, 9]",0,3,3,0,4,15.68225,16.82,62.729,50,80,312,62.4,52,322,21,136,80,82,518.0,3538.8,8484.0
167,even_automorphism,FAMILIA #6,6,even_pairs2_H1_3000_H2_80000_topRef100_goodX26_rN4_rD4_maxR300_maxFam2000_q-3to3_A11over5to10sq_nA35_B1-15to15_nB67_workers11,,,"(-3/2, -1/2, 1/2, 3/2)","{'u': -1, 'w': -2}",-x^2 - 2,x^4 - 5/2*x^2 + 9/16,13/2*x^2 + 55/16,5,3,3,0,0,0,0,2,0,2,3,3,0,8,9,25,8.333333333333334,8,"[8, 8, 9]",0,3,3,0,3,20.873333333333335,26.16,62.620000000000005,68,92,372,74.4,70,382,30,166,92,94,11776.0,206566.4,582720.0
168,even_automorphism,FAMILIA #4,4,even_pairs2_H1_3000_H2_80000_topRef100_goodX26_rN7_rD7_maxR3000_maxFam20000_q-5to4_A1over3to10sq_nA22_B1-15to15_nB67_workers12,,,"(-3/2, -1/2, 1/2, 3/2)","{'u': -1, 'w': -2}",-x^2 - 2,x^4 - 5/2*x^2 + 9/16,13/2*x^2 + 55/16,5,3,3,0,0,0,0,2,0,2,3,3,0,8,9,25,8.333333333333334,8,"[8, 8, 9]",0,3,3,0,3,20.873333333333335,26.16,62.620000000000005,68,92,372,74.4,70,382,30,166,92,94,11776.0,206566.4,582720.0
169,even_automorphism,FAMILIA #4,4,even_pairs2_H1_3000_H2_80000_topRef100_goodX26_rN4_rD4_maxR300_maxFam2000_q-3to3_A11to10sq_B1-15to15_workers11,,,"(-2/3, -1/3, 1/3, 2/3)","{'u': -2, 'w': 1}",-2*x^2 + 1,x^4 - 5/9*x^2 + 4/81,-16/9*x^2 + 65/81,5,5,3,0,0,0,2,0,0,2,3,3,0,8,8,24,8.0,8,"[8, 8, 8]",0,3,3,0,5,17.175800000000002,20.8,85.879,54,74,318,63.6,56,328,23,139,74,76,59778.0,174522.6,321489.0
170,even_automorphism,FAMILIA #22,22,even_pairs2_H1_3000_H2_80000_topRef100_goodX26_rN4_rD4_maxR300_maxFam2000_q-3to3_A11over5to10sq_nA35_B1-15to15_nB67_workers11,,,"(-1, -1/2, 1/2, 1)","{'u': -1, 'w': -2}",-x^2 - 2,x^4 - 5/4*x^2 + 1/4,21/4*x^2 + 15/4,5,4,3,0,0,0,1,1,0,2,3,3,0,8,8,24,8.0,8,"[8, 8, 8]",0,3,3,0,4,14.94925,17.079,59.797,64,82,362,72.4,66,372,28,161,82,84,91.0,1052.6,2768.0
171,even_automorphism,FAMILIA #26,26,even_pairs2_H1_3000_H2_80000_topRef100_goodX26_rN7_rD7_maxR3000_maxFam20000_q-5to4_A1over3to10sq_nA22_B1-15to15_nB67_workers12,,,"(-1, -1/2, 1/2, 1)","{'u': -1, 'w': -2}",-x^2 - 2,x^4 - 5/4*x^2 + 1/4,21/4*x^2 + 15/4,5,4,3,0,0,0,1,1,0,2,3,3,0,8,8,24,8.0,8,"[8, 8, 8]",0,3,3,0,4,14.94925,17.079,59.797,64,82,362,72.4,66,372,28,161,82,84,91.0,1052.6,2768.0
172,even_automorphism,FAMILIA #14,14,even_pairs2_H1_3000_H2_80000_topRef100_goodX26_rN4_rD4_maxR300_maxFam2000_q-3to3_A11to10sq_B1-15to15_workers11,,,"(-2, -1, 1, 2)","{'u': -3, 'w': 0}",-3*x^2,x^4 - 5*x^2 + 4,45*x^2 - 36,5,4,3,0,0,0,1,1,0,2,3,3,0,8,8,24,8.0,8,"[8, 8, 8]",0,3,3,0,4,17.20975,23.41,68.839,46,90,330,66.0,48,340,19,145,90,92,232.0,281.6,395.0
173,even_automorphism,FAMILIA #43,43,even_pairs2_H1_3000_H2_80000_topRef100_goodX26_rN4_rD4_maxR300_maxFam2000_q-3to3_A11to10sq_B1-15to15_workers11,,,"(-3/2, -1, 1, 3/2)","{'u': -1, 'w': 3}",-x^2 + 3,x^4 - 13/4*x^2 + 9/4,-11/4*x^2 + 27/4,5,4,3,0,0,0,1,1,0,2,3,3,0,8,8,24,8.0,8,"[8, 8, 8]",0,3,3,0,4,12.75975,19.21,51.039,46,72,284,56.8,48,294,19,122,72,74,180.0,1358.8,5104.0
174,even_automorphism,FAMILIA #30,30,even_pairs2_H1_3000_H2_80000_topRef100_goodX26_rN4_rD4_maxR300_maxFam2000_q-3to3_A11to10sq_B1-15to15_workers11,,,"(-4/3, -1, 1, 4/3)","{'u': 0, 'w': -3}",-3,x^4 - 25/9*x^2 + 16/9,9,5,4,3,0,0,0,1,1,0,2,3,2,1,7,10,25,8.333333333333334,8,"[7, 8, 10]",0,3,3,0,4,21.06675,36.119,84.267,48,72,286,57.2,50,296,20,123,72,74,594.0,4663.8,8910.0
175,even_automorphism,FAMILIA #40,40,even_pairs2_H1_3000_H2_80000_topRef100_goodX26_rN7_rD7_maxR3000_maxFam20000_q-5to4_A1over3to10sq_nA22_B1-15to15_nB67_workers12,,,"(-4/3, -1/6, 1/6, 4/3)","{'u': -3, 'w': 3}",-3*x^2 + 3,x^4 - 65/36*x^2 + 4/81,-7/4*x^2 + 77/9,5,3,3,0,0,0,0,2,0,2,3,2,0,7,9,25,8.333333333333334,9,"[7, 9, 9]",0,3,3,0,3,24.666666666666668,31.1,74.0,64,80,336,67.2,66,346,28,148,80,82,167508.0,75435705.0,339387408.0
176,even_automorphism,FAMILIA #46,46,even_pairs2_H1_3000_H2_80000_topRef100_goodX26_rN7_rD7_maxR3000_maxFam20000_q-5to4_A1over3to10sq_nA22_B1-15to15_nB67_workers12,,,"(-6/5, -4/5, 4/5, 6/5)","{'u': -4, 'w': -4}",-4*x^2 - 4,x^4 - 52/25*x^2 + 576/625,1632/25*x^2 + 784/625,5,2,2,0,0,0,0,3,0,3,2,2,2,10,11,21,10.5,10.5,"[10, 11]",0,2,2,0,2,38.705,42.24,77.41,62,80,356,71.2,64,366,27,158,80,82,43140000.0,335216500.0,548000000.0
177,even_automorphism,FAMILIA #27,27,even_pairs2_H1_3000_H2_80000_topRef100_goodX26_rN7_rD7_maxR3000_maxFam20000_q-5to4_A1over3to10sq_nA22_B1-15to15_nB67_workers12,,,"(-7/3, -2/3, 2/3, 7/3)","{'u': -2, 'w': -3}",-2*x^2 - 3,x^4 - 53/9*x^2 + 196/81,320/9*x^2 - 55/81,5,3,2,0,0,0,1,2,0,3,2,2,2,10,10,20,10.0,10.0,"[10, 10]",0,2,2,0,3,24.183000000000003,37.34,72.549,64,88,360,72.0,66,370,28,160,88,90,3501387.0,14419182.6,29083455.0
178,even_automorphism,FAMILIA #49,49,even_pairs2_H1_3000_H2_80000_topRef100_goodX26_rN7_rD7_maxR3000_maxFam20000_q-5to4_A1over3to10sq_nA22_B1-15to15_nB67_workers12,,,"(-4/3, -1, 1, 4/3)","{'u': 0, 'w': -1}",-1,x^4 - 25/9*x^2 + 16/9,1,5,2,2,0,0,0,0,3,0,3,2,2,1,9,13,22,11.0,11.0,"[9, 13]",0,2,2,0,2,26.8195,38.27,53.639,62,84,348,69.6,64,358,27,154,84,86,1326.0,66364.8,252639.0
179,even_automorphism,FAMILIA #22,22,even_pairs2_H1_3000_H2_80000_topRef100_goodX26_rN7_rD7_maxR3000_maxFam20000_q-5to4_A1over3to10sq_nA22_B1-15to15_nB67_workers12,,,"(-5/3, -4/3, 4/3, 5/3)","{'u': 0, 'w': -4}",-4,x^4 - 41/9*x^2 + 400/81,16,5,3,2,0,0,0,1,2,0,3,2,2,1,9,10,19,9.5,9.5,"[9, 10]",0,2,2,0,3,24.586333333333332,41.64,73.759,64,92,378,75.6,66,388,28,169,92,94,1856601.0,23090459.4,47869056.0
180,even_automorphism,FAMILIA #35,35,even_pairs2_H1_3000_H2_80000_topRef100_goodX26_rN7_rD7_maxR3000_maxFam20000_q-5to4_A1over3to10sq_nA22_B1-15to15_nB67_workers12,,,"(-5/6, -2/3, 2/3, 5/6)","{'u': 0, 'w': -1}",-1,x^4 - 41/36*x^2 + 25/81,1,5,3,2,0,0,0,1,2,0,3,2,2,1,9,10,19,9.5,9.5,"[9, 10]",0,2,2,0,3,25.44666666666667,43.82,76.34,64,76,350,70.0,66,360,28,155,76,78,7554627.0,60883018.2,144094140.0
181,even_automorphism,FAMILIA #21,21,even_pairs2_H1_4000_H2_150000_topRef25_goodX26_rN7_rD7_maxR3000_maxFam20000_q-5to4_A11over3to12sq_nA26_B1-18to18_nB79_workers8,,,"(-5/3, -4/3, 4/3, 5/3)","{'u': 0, 'w': -4}",-4,x^4 - 41/9*x^2 + 400/81,16,5,2,2,0,0,0,0,3,0,3,2,2,1,9,10,19,9.5,9.5,"[9, 10]",0,2,2,0,2,33.7395,41.64,67.479,72,136,450,90.0,74,460,32,205,136,138,1856601.0,27651666.6,53024544.0
182,even_automorphism,FAMILIA #22,22,even_pairs2_H1_4000_H2_150000_topRef25_goodX26_rN7_rD7_maxR3000_maxFam20000_q-5to4_A11over3to12sq_nA26_B1-18to18_nB79_workers8,,,"(-6/5, -1/5, 1/5, 6/5)","{'u': -4, 'w': 2}",-4*x^2 + 2,x^4 - 37/25*x^2 + 36/625,192/25*x^2 + 1924/625,5,2,2,0,0,0,0,3,0,3,2,2,1,9,10,19,9.5,9.5,"[9, 10]",0,2,2,0,2,42.5345,55.35,85.069,72,94,400,80.0,74,410,32,180,94,96,10937500.0,573334375.0,2668312500.0
183,even_automorphism,FAMILIA #16,16,even_pairs2_H1_4000_H2_150000_topRef25_goodX26_rN7_rD7_maxR3000_maxFam20000_q-5to4_A11over3to12sq_nA26_B1-18to18_nB79_workers8,,,"(-7/6, -1/3, 1/3, 7/6)","{'u': 0, 'w': -2}",-2,x^4 - 53/36*x^2 + 49/324,4,5,2,2,0,0,0,0,3,0,3,2,2,1,9,10,19,9.5,9.5,"[9, 10]",0,2,2,0,2,29.924,36.289,59.848,64,92,398,79.6,66,408,28,179,92,94,834705.0,11326537.8,46294416.0
184,even_automorphism,FAMILIA #21,21,even_pairs2_H1_4000_H2_150000_topRef25_goodX30_rN12_rD12_maxR5000_maxFam40000_q-10to10_A11over3to12sq_nA26_B1-18to18_nB79_workers8,,,"(-7/6, -1/3, 1/3, 7/6)","{'u': 0, 'w': -2}",-2,x^4 - 53/36*x^2 + 49/324,4,5,2,2,0,0,0,0,3,0,3,2,2,1,9,10,19,9.5,9.5,"[9, 10]",0,2,2,0,2,29.924,36.289,59.848,64,92,398,79.6,66,408,28,179,92,94,834705.0,11326537.8,46294416.0
185,even_automorphism,FAMILIA #39,39,even_pairs2_H1_3000_H2_80000_topRef100_goodX26_rN4_rD4_maxR300_maxFam2000_q-3to3_A11to10sq_B1-15to15_workers11,,,"(-3/4, -2/3, 2/3, 3/4)","{'u': -2, 'w': 1}",-2*x^2 + 1,x^4 - 145/144*x^2 + 1/4,1/36*x^2,5,4,2,0,0,0,2,1,0,3,2,2,1,8,12,20,10.0,10.0,"[8, 12]",0,2,2,0,4,25.967000000000002,59.109,103.86800000000001,48,72,294,58.8,50,304,20,127,72,74,186624.0,851270.4,1679616.0
186,even_automorphism,FAMILIA #17,17,even_pairs2_H1_3000_H2_80000_topRef100_goodX26_rN7_rD7_maxR3000_maxFam20000_q-5to4_A1over3to10sq_nA22_B1-15to15_nB67_workers12,,,"(-7/3, -2/3, 2/3, 7/3)","{'u': -3, 'w': -2}",-3*x^2 - 2,x^4 - 53/9*x^2 + 196/81,65*x^2 - 160/9,5,2,2,0,0,0,0,3,0,3,2,2,1,8,10,18,9.0,9.0,"[8, 10]",0,2,2,0,2,24.7245,25.05,49.449,64,92,408,81.6,66,418,28,184,92,94,121500.0,34065684.0,72670365.0
187,even_automorphism,FAMILIA #6,6,even_pairs2_H1_4000_H2_150000_topRef25_goodX30_rN12_rD12_maxR5000_maxFam40000_q-10to10_A11over3to12sq_nA26_B1-18to18_nB79_workers8,,,"(-7/3, -2/3, 2/3, 7/3)","{'u': -3, 'w': -2}",-3*x^2 - 2,x^4 - 53/9*x^2 + 196/81,65*x^2 - 160/9,5,2,2,0,0,0,0,3,0,3,2,2,1,8,10,18,9.0,9.0,"[8, 10]",0,2,2,0,2,24.7245,25.05,49.449,64,92,408,81.6,66,418,28,184,92,94,121500.0,34065684.0,72670365.0
188,even_automorphism,FAMILIA #12,12,even_pairs2_H1_3000_H2_80000_topRef100_goodX26_rN7_rD7_maxR3000_maxFam20000_q-5to4_A1over3to10sq_nA22_B1-15to15_nB67_workers12,,,"(-2, -1, 1, 2)","{'u': 1, 'w': -5}",x^2 - 5,x^4 - 5*x^2 + 4,-5*x^2 + 21,5,3,2,0,0,0,1,2,0,3,2,2,0,8,9,17,8.5,8.5,"[8, 9]",0,2,2,0,3,31.36266666666667,58.609,94.08800000000001,66,94,374,74.8,68,384,29,167,94,96,128.0,5765.6,20070.0
189,even_automorphism,FAMILIA #41,41,even_pairs2_H1_3000_H2_80000_topRef100_goodX26_rN4_rD4_maxR300_maxFam2000_q-3to3_A11over5to10sq_nA35_B1-15to15_nB67_workers11,,,"(-3/2, -1, 1, 3/2)","{'u': -1, 'w': 3}",-x^2 + 3,x^4 - 13/4*x^2 + 9/4,-11/4*x^2 + 27/4,5,3,2,0,0,0,1,2,0,3,2,2,0,8,9,17,8.5,8.5,"[8, 9]",0,2,2,0,3,14.569666666666668,21.37,43.709,62,72,338,67.6,64,348,27,149,72,74,472.0,79076.8,337500.0
190,even_automorphism,FAMILIA #48,48,even_pairs2_H1_3000_H2_80000_topRef100_goodX26_rN4_rD4_maxR300_maxFam2000_q-3to3_A11to10sq_B1-15to15_workers11,,,"(-4, -3, 3, 4)","{'u': -2, 'w': -1}",-2*x^2 - 1,x^4 - 25*x^2 + 144,104*x^2 - 575,5,4,2,0,0,0,2,1,0,3,2,1,0,6,9,15,7.5,7.5,"[6, 9]",0,2,2,0,4,10.412500000000001,17.67,41.650000000000006,44,76,278,55.6,46,288,18,119,76,78,530.0,4823.4,14804.0
191,even_automorphism,FAMILIA #1,1,even_pairs2_H1_4000_H2_150000_topRef25_goodX26_rN7_rD7_maxR3000_maxFam20000_q-5to4_A11over3to12sq_nA26_B1-18to18_nB79_workers8,,,"(-1, -4/7, 4/7, 1)","{'u': -1, 'w': 2}",-x^2 + 2,x^4 - 65/49*x^2 + 16/49,-131/49*x^2 + 180/49,5,3,1,0,0,0,2,2,0,4,1,1,1,12,12,12,12.0,12,[12],0,1,1,0,3,18.256666666666668,30.46,54.77,78,108,468,93.6,80,478,35,214,108,110,194481.0,2978876.6,11698064.0
192,even_automorphism,FAMILIA #2,2,even_pairs2_H1_4000_H2_150000_topRef25_goodX30_rN12_rD12_maxR5000_maxFam40000_q-10to10_A11over3to12sq_nA26_B1-18to18_nB79_workers8,,,"(-1, -4/7, 4/7, 1)","{'u': -1, 'w': 2}",-x^2 + 2,x^4 - 65/49*x^2 + 16/49,-131/49*x^2 + 180/49,5,3,1,0,0,0,2,2,0,4,1,1,1,12,12,12,12.0,12,[12],0,1,1,0,3,18.256666666666668,30.46,54.77,78,108,468,93.6,80,478,35,214,108,110,194481.0,2978876.6,11698064.0
193,even_automorphism,FAMILIA #23,23,even_pairs2_H1_4000_H2_150000_topRef25_goodX26_rN7_rD7_maxR3000_maxFam20000_q-5to4_A11over3to12sq_nA26_B1-18to18_nB79_workers8,,,"(-3, -2, 2, 3)","{'u': 0, 'w': -1}",-1,x^4 - 13*x^2 + 36,1,5,3,1,0,0,0,2,2,0,4,1,1,1,12,12,12,12.0,12,[12],0,1,1,0,3,23.426000000000002,41.92,70.278,70,106,412,82.4,72,422,31,186,106,108,2877.0,23543.4,57186.0
194,even_automorphism,FAMILIA #12,12,even_pairs2_H1_4000_H2_150000_topRef25_goodX26_rN7_rD7_maxR3000_maxFam20000_q-5to4_A11over3to12sq_nA26_B1-18to18_nB79_workers8,,,"(-5/6, -1/6, 1/6, 5/6)","{'u': -2, 'w': 3}",-2*x^2 + 3,x^4 - 13/18*x^2 + 25/1296,-82/9*x^2 + 2891/324,5,3,1,0,0,0,2,2,0,4,1,1,1,11,11,11,11.0,11,[11],0,1,1,0,3,16.612666666666666,30.71,49.838,68,100,404,80.8,70,414,30,182,100,102,6718464.0,89150284.8,203233536.0
195,even_automorphism,FAMILIA #12,12,even_pairs2_H1_4000_H2_150000_topRef25_goodX30_rN12_rD12_maxR5000_maxFam40000_q-10to10_A11over3to12sq_nA26_B1-18to18_nB79_workers8,,,"(-5/6, -1/6, 1/6, 5/6)","{'u': -2, 'w': 3}",-2*x^2 + 3,x^4 - 13/18*x^2 + 25/1296,-82/9*x^2 + 2891/324,5,3,1,0,0,0,2,2,0,4,1,1,1,11,11,11,11.0,11,[11],0,1,1,0,3,16.612666666666666,30.71,49.838,68,100,404,80.8,70,414,30,182,100,102,6718464.0,89150284.8,203233536.0
196,even_automorphism,FAMILIA #17,17,even_pairs2_H1_4000_H2_150000_topRef25_goodX30_rN12_rD12_maxR5000_maxFam40000_q-10to10_A11over3to12sq_nA26_B1-18to18_nB79_workers8,,,"(-5/3, -4/3, 4/3, 5/3)","{'u': -3, 'w': -3/2}",-3*x^2 - 3/2,x^4 - 41/9*x^2 + 400/81,50*x^2 - 1519/36,5,3,1,0,0,0,2,2,0,4,1,1,1,11,11,11,11.0,11,[11],0,1,1,0,3,25.613,39.289,76.839,64,92,392,78.4,66,402,28,176,92,94,636336.0,7240492.8,13272984.0
197,even_automorphism,FAMILIA #45,45,even_pairs2_H1_3000_H2_80000_topRef100_goodX26_rN4_rD4_maxR300_maxFam2000_q-3to3_A11over5to10sq_nA35_B1-15to15_nB67_workers11,,,"(-3, -2, 2, 3)","{'u': 0, 'w': -1}",-1,x^4 - 13*x^2 + 36,1,5,2,1,0,0,0,1,3,0,4,1,1,1,11,11,11,11.0,11,[11],0,1,1,0,2,33.46,41.92,66.92,60,106,390,78.0,62,400,26,175,106,108,1881.0,36100.4,110848.0
198,even_automorphism,FAMILIA #5,5,even_pairs2_H1_3000_H2_80000_topRef100_goodX26_rN7_rD7_maxR3000_maxFam20000_q-5to4_A1over3to10sq_nA22_B1-15to15_nB67_workers12,,,"(-5, -4, 4, 5)","{'u': 0, 'w': -3}",-3,x^4 - 41*x^2 + 400,9,5,2,1,0,0,0,1,3,0,4,1,1,0,9,9,9,9.0,9,[9],1,0,0,0,2,20.82,35.45,41.64,68,76,358,71.6,70,368,30,159,76,78,809.0,122753.2,227529.0
199,even_automorphism,FAMILIA #4,4,even_pairs2_H1_4000_H2_150000_topRef25_goodX30_rN12_rD12_maxR5000_maxFam40000_q-10to10_A11over3to12sq_nA26_B1-18to18_nB79_workers8,,,"(-7/6, -1/3, 1/3, 7/6)","{'u': -3, 'w': -1/2}",-3*x^2 - 1/2,x^4 - 53/36*x^2 + 49/324,65/4*x^2 - 10/9,5,2,1,0,0,0,1,3,0,4,1,1,0,8,8,8,8.0,8,[8],0,1,1,0,2,15.9295,25.55,31.859,72,92,424,84.8,74,434,32,192,92,94,1679616.0,314189085.6,636807744.0
200,even_automorphism,FAMILIA #31,31,even_pairs2_H1_3000_H2_80000_topRef100_goodX26_rN4_rD4_maxR300_maxFam2000_q-3to3_A11over5to10sq_nA35_B1-15to15_nB67_workers11,,,"(-4/3, -1, 1, 4/3)","{'u': 0, 'w': -3}",-3,x^4 - 25/9*x^2 + 16/9,9,5,2,1,0,0,0,1,3,0,4,1,1,0,8,8,8,8.0,8,[8],0,1,1,0,2,14.839,15.009,29.678,62,88,352,70.4,64,362,27,156,88,90,594.0,129227.4,282204.0
